<?xml version="1.0" encoding="utf-8"?><?xml-stylesheet type='text/xsl' href='STIG_unclass.xsl'?><Benchmark xmlns:xhtml="http://www.w3.org/1999/xhtml" xmlns:dc="http://purl.org/dc/elements/1.1/" xmlns:xsi="http://www.w3.org/2001/XMLSchema-instance" xmlns:cpe="http://cpe.mitre.org/language/2.0" xmlns:dsig="http://www.w3.org/2000/09/xmldsig#" xsi:schemaLocation="http://checklists.nist.gov/xccdf/1.1 http://nvd.nist.gov/schema/xccdf-1.1.4.xsd http://cpe.mitre.org/dictionary/2.0 http://cpe.mitre.org/files/cpe-dictionary_2.1.xsd" id="Adobe_Acrobat_Reader_DC_Classic_Track_STIG" xml:lang="en" xmlns="http://checklists.nist.gov/xccdf/1.1"><status date="2020-09-22">accepted</status><title>Adobe Acrobat Reader DC Classic Track Security Technical Implementation Guide</title><description>This Security Technical Implementation Guide is published as a tool to improve the security of Department of Defense (DoD) information systems. The requirements are derived from the National Institute of Standards and Technology (NIST) 800-53 and related documents. Comments or proposed revisions to this document should be sent via email to the following address: disa.stig_spt@mail.mil.</description><notice id="terms-of-use" xml:lang="en"></notice><front-matter xml:lang="en"></front-matter><rear-matter xml:lang="en"></rear-matter><reference href="https://cyber.mil"><dc:publisher>DISA</dc:publisher><dc:source>STIG.DOD.MIL</dc:source></reference><plain-text id="release-info">Release: 1 Benchmark Date: 23 Oct 2020</plain-text><plain-text id="generator">3.1.1.36225</plain-text><plain-text id="conventionsVersion">1.10.0</plain-text><version>2</version><Profile id="MAC-1_Classified"><title>I - Mission Critical Classified</title><description>&lt;ProfileDescription&gt;&lt;/ProfileDescription&gt;</description><select idref="V-213141" selected="true" /><select idref="V-213142" selected="true" /><select idref="V-213143" selected="true" /><select idref="V-213144" selected="true" /><select idref="V-213145" selected="true" /><select idref="V-213146" selected="true" /><select idref="V-213147" selected="true" /><select idref="V-213148" selected="true" /><select idref="V-213149" selected="true" /><select idref="V-213150" selected="true" /><select idref="V-213151" selected="true" /><select idref="V-213152" selected="true" /><select idref="V-213153" selected="true" /><select idref="V-213154" selected="true" /><select idref="V-213155" selected="true" /><select idref="V-213156" selected="true" /><select idref="V-213157" selected="true" /><select idref="V-213158" selected="true" /><select idref="V-213159" selected="true" /><select idref="V-213160" selected="true" /><select idref="V-213161" selected="true" /><select idref="V-213162" selected="true" /><select idref="V-213163" selected="true" /><select idref="V-213164" selected="true" /><select idref="V-213165" selected="true" /><select idref="V-213166" selected="true" /></Profile><Profile id="MAC-1_Public"><title>I - Mission Critical Public</title><description>&lt;ProfileDescription&gt;&lt;/ProfileDescription&gt;</description><select idref="V-213141" selected="true" /><select idref="V-213142" selected="true" /><select idref="V-213143" selected="true" /><select idref="V-213144" selected="true" /><select idref="V-213145" selected="true" /><select idref="V-213146" selected="true" /><select idref="V-213147" selected="true" /><select idref="V-213148" selected="true" /><select idref="V-213149" selected="true" /><select idref="V-213150" selected="true" /><select idref="V-213151" selected="true" /><select idref="V-213152" selected="true" /><select idref="V-213153" selected="true" /><select idref="V-213154" selected="true" /><select idref="V-213155" selected="true" /><select idref="V-213156" selected="true" /><select idref="V-213157" selected="true" /><select idref="V-213158" selected="true" /><select idref="V-213159" selected="true" /><select idref="V-213160" selected="true" /><select idref="V-213161" selected="true" /><select idref="V-213162" selected="true" /><select idref="V-213163" selected="true" /><select idref="V-213164" selected="true" /><select idref="V-213165" selected="true" /><select idref="V-213166" selected="true" /></Profile><Profile id="MAC-1_Sensitive"><title>I - Mission Critical Sensitive</title><description>&lt;ProfileDescription&gt;&lt;/ProfileDescription&gt;</description><select idref="V-213141" selected="true" /><select idref="V-213142" selected="true" /><select idref="V-213143" selected="true" /><select idref="V-213144" selected="true" /><select idref="V-213145" selected="true" /><select idref="V-213146" selected="true" /><select idref="V-213147" selected="true" /><select idref="V-213148" selected="true" /><select idref="V-213149" selected="true" /><select idref="V-213150" selected="true" /><select idref="V-213151" selected="true" /><select idref="V-213152" selected="true" /><select idref="V-213153" selected="true" /><select idref="V-213154" selected="true" /><select idref="V-213155" selected="true" /><select idref="V-213156" selected="true" /><select idref="V-213157" selected="true" /><select idref="V-213158" selected="true" /><select idref="V-213159" selected="true" /><select idref="V-213160" selected="true" /><select idref="V-213161" selected="true" /><select idref="V-213162" selected="true" /><select idref="V-213163" selected="true" /><select idref="V-213164" selected="true" /><select idref="V-213165" selected="true" /><select idref="V-213166" selected="true" /></Profile><Profile id="MAC-2_Classified"><title>II - Mission Support Classified</title><description>&lt;ProfileDescription&gt;&lt;/ProfileDescription&gt;</description><select idref="V-213141" selected="true" /><select idref="V-213142" selected="true" /><select idref="V-213143" selected="true" /><select idref="V-213144" selected="true" /><select idref="V-213145" selected="true" /><select idref="V-213146" selected="true" /><select idref="V-213147" selected="true" /><select idref="V-213148" selected="true" /><select idref="V-213149" selected="true" /><select idref="V-213150" selected="true" /><select idref="V-213151" selected="true" /><select idref="V-213152" selected="true" /><select idref="V-213153" selected="true" /><select idref="V-213154" selected="true" /><select idref="V-213155" selected="true" /><select idref="V-213156" selected="true" /><select idref="V-213157" selected="true" /><select idref="V-213158" selected="true" /><select idref="V-213159" selected="true" /><select idref="V-213160" selected="true" /><select idref="V-213161" selected="true" /><select idref="V-213162" selected="true" /><select idref="V-213163" selected="true" /><select idref="V-213164" selected="true" /><select idref="V-213165" selected="true" /><select idref="V-213166" selected="true" /></Profile><Profile id="MAC-2_Public"><title>II - Mission Support Public</title><description>&lt;ProfileDescription&gt;&lt;/ProfileDescription&gt;</description><select idref="V-213141" selected="true" /><select idref="V-213142" selected="true" /><select idref="V-213143" selected="true" /><select idref="V-213144" selected="true" /><select idref="V-213145" selected="true" /><select idref="V-213146" selected="true" /><select idref="V-213147" selected="true" /><select idref="V-213148" selected="true" /><select idref="V-213149" selected="true" /><select idref="V-213150" selected="true" /><select idref="V-213151" selected="true" /><select idref="V-213152" selected="true" /><select idref="V-213153" selected="true" /><select idref="V-213154" selected="true" /><select idref="V-213155" selected="true" /><select idref="V-213156" selected="true" /><select idref="V-213157" selected="true" /><select idref="V-213158" selected="true" /><select idref="V-213159" selected="true" /><select idref="V-213160" selected="true" /><select idref="V-213161" selected="true" /><select idref="V-213162" selected="true" /><select idref="V-213163" selected="true" /><select idref="V-213164" selected="true" /><select idref="V-213165" selected="true" /><select idref="V-213166" selected="true" /></Profile><Profile id="MAC-2_Sensitive"><title>II - Mission Support Sensitive</title><description>&lt;ProfileDescription&gt;&lt;/ProfileDescription&gt;</description><select idref="V-213141" selected="true" /><select idref="V-213142" selected="true" /><select idref="V-213143" selected="true" /><select idref="V-213144" selected="true" /><select idref="V-213145" selected="true" /><select idref="V-213146" selected="true" /><select idref="V-213147" selected="true" /><select idref="V-213148" selected="true" /><select idref="V-213149" selected="true" /><select idref="V-213150" selected="true" /><select idref="V-213151" selected="true" /><select idref="V-213152" selected="true" /><select idref="V-213153" selected="true" /><select idref="V-213154" selected="true" /><select idref="V-213155" selected="true" /><select idref="V-213156" selected="true" /><select idref="V-213157" selected="true" /><select idref="V-213158" selected="true" /><select idref="V-213159" selected="true" /><select idref="V-213160" selected="true" /><select idref="V-213161" selected="true" /><select idref="V-213162" selected="true" /><select idref="V-213163" selected="true" /><select idref="V-213164" selected="true" /><select idref="V-213165" selected="true" /><select idref="V-213166" selected="true" /></Profile><Profile id="MAC-3_Classified"><title>III - Administrative Classified</title><description>&lt;ProfileDescription&gt;&lt;/ProfileDescription&gt;</description><select idref="V-213141" selected="true" /><select idref="V-213142" selected="true" /><select idref="V-213143" selected="true" /><select idref="V-213144" selected="true" /><select idref="V-213145" selected="true" /><select idref="V-213146" selected="true" /><select idref="V-213147" selected="true" /><select idref="V-213148" selected="true" /><select idref="V-213149" selected="true" /><select idref="V-213150" selected="true" /><select idref="V-213151" selected="true" /><select idref="V-213152" selected="true" /><select idref="V-213153" selected="true" /><select idref="V-213154" selected="true" /><select idref="V-213155" selected="true" /><select idref="V-213156" selected="true" /><select idref="V-213157" selected="true" /><select idref="V-213158" selected="true" /><select idref="V-213159" selected="true" /><select idref="V-213160" selected="true" /><select idref="V-213161" selected="true" /><select idref="V-213162" selected="true" /><select idref="V-213163" selected="true" /><select idref="V-213164" selected="true" /><select idref="V-213165" selected="true" /><select idref="V-213166" selected="true" /></Profile><Profile id="MAC-3_Public"><title>III - Administrative Public</title><description>&lt;ProfileDescription&gt;&lt;/ProfileDescription&gt;</description><select idref="V-213141" selected="true" /><select idref="V-213142" selected="true" /><select idref="V-213143" selected="true" /><select idref="V-213144" selected="true" /><select idref="V-213145" selected="true" /><select idref="V-213146" selected="true" /><select idref="V-213147" selected="true" /><select idref="V-213148" selected="true" /><select idref="V-213149" selected="true" /><select idref="V-213150" selected="true" /><select idref="V-213151" selected="true" /><select idref="V-213152" selected="true" /><select idref="V-213153" selected="true" /><select idref="V-213154" selected="true" /><select idref="V-213155" selected="true" /><select idref="V-213156" selected="true" /><select idref="V-213157" selected="true" /><select idref="V-213158" selected="true" /><select idref="V-213159" selected="true" /><select idref="V-213160" selected="true" /><select idref="V-213161" selected="true" /><select idref="V-213162" selected="true" /><select idref="V-213163" selected="true" /><select idref="V-213164" selected="true" /><select idref="V-213165" selected="true" /><select idref="V-213166" selected="true" /></Profile><Profile id="MAC-3_Sensitive"><title>III - Administrative Sensitive</title><description>&lt;ProfileDescription&gt;&lt;/ProfileDescription&gt;</description><select idref="V-213141" selected="true" /><select idref="V-213142" selected="true" /><select idref="V-213143" selected="true" /><select idref="V-213144" selected="true" /><select idref="V-213145" selected="true" /><select idref="V-213146" selected="true" /><select idref="V-213147" selected="true" /><select idref="V-213148" selected="true" /><select idref="V-213149" selected="true" /><select idref="V-213150" selected="true" /><select idref="V-213151" selected="true" /><select idref="V-213152" selected="true" /><select idref="V-213153" selected="true" /><select idref="V-213154" selected="true" /><select idref="V-213155" selected="true" /><select idref="V-213156" selected="true" /><select idref="V-213157" selected="true" /><select idref="V-213158" selected="true" /><select idref="V-213159" selected="true" /><select idref="V-213160" selected="true" /><select idref="V-213161" selected="true" /><select idref="V-213162" selected="true" /><select idref="V-213163" selected="true" /><select idref="V-213164" selected="true" /><select idref="V-213165" selected="true" /><select idref="V-213166" selected="true" /></Profile><Group id="V-213141"><title>SRG-APP-000112</title><description>&lt;GroupDescription&gt;&lt;/GroupDescription&gt;</description><Rule id="SV-213141r557349_rule" weight="10.0" severity="medium"><version>ARDC-CL-000005</version><title>Adobe Reader DC must enable Enhanced Security in a Standalone Application.</title><description>&lt;VulnDiscussion&gt;PDFs have evolved from static pages to complex documents with features such as interactive forms, multimedia content, scripting, and other capabilities. These features leave PDFs vulnerable to malicious scripts or actions that can damage the computer or steal data. The Enhanced security feature protects the computer against these threats by blocking or selectively permitting actions for trusted locations and files.

Enhanced Security determines if a PDF is viewed within a standalone application. A threat to users of Adobe Reader DC is opening a PDF file that contains malicious executable content.

Enhanced Security “hardens” the application against risky actions: prevents cross domain access, prohibits script and data injection, blocks stream access to XObjects, silent printing, and execution of high privilege JavaScript.

Satisfies: SRG-APP-000112, SRG-APP-000206, SRG-APP-000207, SRG-APP-000209, SRG-APP-000210&lt;/VulnDiscussion&gt;&lt;FalsePositives&gt;&lt;/FalsePositives&gt;&lt;FalseNegatives&gt;&lt;/FalseNegatives&gt;&lt;Documentable&gt;false&lt;/Documentable&gt;&lt;Mitigations&gt;&lt;/Mitigations&gt;&lt;SeverityOverrideGuidance&gt;&lt;/SeverityOverrideGuidance&gt;&lt;PotentialImpacts&gt;&lt;/PotentialImpacts&gt;&lt;ThirdPartyTools&gt;&lt;/ThirdPartyTools&gt;&lt;MitigationControl&gt;&lt;/MitigationControl&gt;&lt;Responsibility&gt;&lt;/Responsibility&gt;&lt;IAControls&gt;&lt;/IAControls&gt;</description><reference><dc:title>DPMS Target Adobe Acrobat Reader DC Classic Track</dc:title><dc:publisher>DISA</dc:publisher><dc:type>DPMS Target</dc:type><dc:subject>Adobe Acrobat Reader DC Classic Track</dc:subject><dc:identifier>3974</dc:identifier></reference><ident system="http://cyber.mil/legacy">V-65729</ident><ident system="http://cyber.mil/legacy">SV-80219</ident><ident system="http://cyber.mil/cci">CCI-001166</ident><ident system="http://cyber.mil/cci">CCI-001170</ident><ident system="http://cyber.mil/cci">CCI-001169</ident><ident system="http://cyber.mil/cci">CCI-001662</ident><ident system="http://cyber.mil/cci">CCI-001695</ident><fixtext fixref="F-14375r276567_fix">Configure the following registry value:

Registry Hive: HKEY_LOCAL_MACHINE
Registry Path: \Software\Policies\Adobe\Acrobat Reader\2015\FeatureLockDown

Value Name: bEnhancedSecurityStandalone
Type: REG_DWORD
Value: 1</fixtext><fix id="F-14375r276567_fix" /><check system="C-14377r276566_chk"><check-content-ref href="Adobe_Acrobat_Reader_DC_Classic_Track_STIG.xml" name="M" /><check-content>Verify the following registry configuration:

Utilizing the Registry Editor, navigate to the following: HKEY_LOCAL_MACHINE\Software\Policies\Adobe\Acrobat Reader\2015\FeatureLockDown

Value Name: bEnhancedSecurityStandalone
Type: REG_DWORD
Value: 1

If the value for bEnhancedSecurityStandalone is not set to “1” and Type configured to REG_DWORD or does not exist, then this is a finding.</check-content></check></Rule></Group><Group id="V-213142"><title>SRG-APP-000112</title><description>&lt;GroupDescription&gt;&lt;/GroupDescription&gt;</description><Rule id="SV-213142r557349_rule" weight="10.0" severity="medium"><version>ARDC-CL-000010</version><title>Adobe Reader DC must enable Enhanced Security in a Browser.</title><description>&lt;VulnDiscussion&gt;PDFs have evolved from static pages to complex documents with features such as interactive forms, multimedia content, scripting, and other capabilities. These features leave PDFs vulnerable to malicious scripts or actions that can damage the computer or steal data. The Enhanced security feature protects the computer against these threats by blocking or selectively permitting actions for trusted locations and files.

Enhanced Security determines if a PDF is viewed within a browser application. A threat to users of Adobe Reader DC is opening a PDF file that contains malicious executable content.

Enhanced Security “hardens” the application against risky actions: prevents cross domain access, prohibits script and data injection, blocks stream access to XObjects, silent printing, and execution of high privilege JavaScript.

Satisfies: SRG-APP-000112, SRG-APP-000206, SRG-APP-000207, SRG-APP-000209, SRG-APP-000210&lt;/VulnDiscussion&gt;&lt;FalsePositives&gt;&lt;/FalsePositives&gt;&lt;FalseNegatives&gt;&lt;/FalseNegatives&gt;&lt;Documentable&gt;false&lt;/Documentable&gt;&lt;Mitigations&gt;&lt;/Mitigations&gt;&lt;SeverityOverrideGuidance&gt;&lt;/SeverityOverrideGuidance&gt;&lt;PotentialImpacts&gt;&lt;/PotentialImpacts&gt;&lt;ThirdPartyTools&gt;&lt;/ThirdPartyTools&gt;&lt;MitigationControl&gt;&lt;/MitigationControl&gt;&lt;Responsibility&gt;&lt;/Responsibility&gt;&lt;IAControls&gt;&lt;/IAControls&gt;</description><reference><dc:title>DPMS Target Adobe Acrobat Reader DC Classic Track</dc:title><dc:publisher>DISA</dc:publisher><dc:type>DPMS Target</dc:type><dc:subject>Adobe Acrobat Reader DC Classic Track</dc:subject><dc:identifier>3974</dc:identifier></reference><ident system="http://cyber.mil/legacy">V-65735</ident><ident system="http://cyber.mil/legacy">SV-80225</ident><ident system="http://cyber.mil/cci">CCI-001170</ident><ident system="http://cyber.mil/cci">CCI-001166</ident><ident system="http://cyber.mil/cci">CCI-001695</ident><ident system="http://cyber.mil/cci">CCI-001169</ident><ident system="http://cyber.mil/cci">CCI-001662</ident><fixtext fixref="F-14376r276570_fix">Configure the following registry value:

Registry Hive: HKEY_LOCAL_MACHINE
Registry Path: \Software\Policies\Adobe\Acrobat Reader\2015\FeatureLockDown

Value Name: bEnhancedSecurityInBrowser
Type: REG_DWORD
Value: 1</fixtext><fix id="F-14376r276570_fix" /><check system="C-14378r276569_chk"><check-content-ref href="Adobe_Acrobat_Reader_DC_Classic_Track_STIG.xml" name="M" /><check-content>Verify the following registry configuration:

Utilizing the Registry Editor, navigate to the following: HKEY_LOCAL_MACHINE\Software\Policies\Adobe\Acrobat Reader\2015\FeatureLockDown

Value Name: bEnhancedSecurityInBrowser
Type: REG_DWORD 
Value: 1

If the value for bEnhancedSecurityInBrowser is not set to “1” and Type configured to REG_DWORD or does not exist, then this is a finding.</check-content></check></Rule></Group><Group id="V-213143"><title>SRG-APP-000112</title><description>&lt;GroupDescription&gt;&lt;/GroupDescription&gt;</description><Rule id="SV-213143r557349_rule" weight="10.0" severity="medium"><version>ARDC-CL-000015</version><title>Adobe Reader DC must enable Protected Mode.</title><description>&lt;VulnDiscussion&gt;A threat to users of Adobe Reader DC is opening a PDF file that contains malicious executable content.

Protected mode provides a sandbox capability that prevents malicious PDF files from launching arbitrary executable files, writing to system directories or the Windows registry.

This isolation of the PDFs reduces the risk of security breaches in areas outside the sandbox.

Satisfies: SRG-APP-000112, SRG-APP-000206, SRG-APP-000207, SRG-APP-000209, SRG-APP-000210&lt;/VulnDiscussion&gt;&lt;FalsePositives&gt;&lt;/FalsePositives&gt;&lt;FalseNegatives&gt;&lt;/FalseNegatives&gt;&lt;Documentable&gt;false&lt;/Documentable&gt;&lt;Mitigations&gt;&lt;/Mitigations&gt;&lt;SeverityOverrideGuidance&gt;&lt;/SeverityOverrideGuidance&gt;&lt;PotentialImpacts&gt;&lt;/PotentialImpacts&gt;&lt;ThirdPartyTools&gt;&lt;/ThirdPartyTools&gt;&lt;MitigationControl&gt;&lt;/MitigationControl&gt;&lt;Responsibility&gt;&lt;/Responsibility&gt;&lt;IAControls&gt;&lt;/IAControls&gt;</description><reference><dc:title>DPMS Target Adobe Acrobat Reader DC Classic Track</dc:title><dc:publisher>DISA</dc:publisher><dc:type>DPMS Target</dc:type><dc:subject>Adobe Acrobat Reader DC Classic Track</dc:subject><dc:identifier>3974</dc:identifier></reference><ident system="http://cyber.mil/legacy">V-65737</ident><ident system="http://cyber.mil/legacy">SV-80227</ident><ident system="http://cyber.mil/cci">CCI-001166</ident><ident system="http://cyber.mil/cci">CCI-001170</ident><ident system="http://cyber.mil/cci">CCI-001169</ident><ident system="http://cyber.mil/cci">CCI-001695</ident><ident system="http://cyber.mil/cci">CCI-001662</ident><fixtext fixref="F-14377r276573_fix">Configure the following registry value:

Registry Hive: HKEY_LOCAL_MACHINE
Registry Path: \Software\Policies\Adobe\Acrobat Reader\2015\FeatureLockDown

Value Name: bProtectedMode
Type: REG_DWORD
Value: 1</fixtext><fix id="F-14377r276573_fix" /><check system="C-14379r276572_chk"><check-content-ref href="Adobe_Acrobat_Reader_DC_Classic_Track_STIG.xml" name="M" /><check-content>Verify the following registry configuration:

Utilizing the Registry Editor, navigate to the following: HKEY_LOCAL_MACHINE\Software\Policies\Adobe\Acrobat Reader\2015\FeatureLockDown 

Value Name: bProtectedMode
Type: REG_DWORD
Value: 1

If the value for bProtectedMode is not set to “1” and Type configured to REG_DWORD or does not exist, then this is a finding.</check-content></check></Rule></Group><Group id="V-213144"><title>SRG-APP-000112</title><description>&lt;GroupDescription&gt;&lt;/GroupDescription&gt;</description><Rule id="SV-213144r557349_rule" weight="10.0" severity="medium"><version>ARDC-CL-000020</version><title>Adobe Reader DC must enable Protected View.</title><description>&lt;VulnDiscussion&gt;A threat to users of Adobe Reader DC is opening a PDF file that contains malicious executable content.

Protected view restricts Adobe Reader DC functionality, within a sandbox, when a PDF is opened from an untrusted source.

This isolation of the PDFs reduces the risk of security breaches in areas outside the sandbox.

Satisfies: SRG-APP-000112, SRG-APP-000206, SRG-APP-000207, SRG-APP-000209, SRG-APP-000210&lt;/VulnDiscussion&gt;&lt;FalsePositives&gt;&lt;/FalsePositives&gt;&lt;FalseNegatives&gt;&lt;/FalseNegatives&gt;&lt;Documentable&gt;false&lt;/Documentable&gt;&lt;Mitigations&gt;&lt;/Mitigations&gt;&lt;SeverityOverrideGuidance&gt;&lt;/SeverityOverrideGuidance&gt;&lt;PotentialImpacts&gt;&lt;/PotentialImpacts&gt;&lt;ThirdPartyTools&gt;&lt;/ThirdPartyTools&gt;&lt;MitigationControl&gt;&lt;/MitigationControl&gt;&lt;Responsibility&gt;&lt;/Responsibility&gt;&lt;IAControls&gt;&lt;/IAControls&gt;</description><reference><dc:title>DPMS Target Adobe Acrobat Reader DC Classic Track</dc:title><dc:publisher>DISA</dc:publisher><dc:type>DPMS Target</dc:type><dc:subject>Adobe Acrobat Reader DC Classic Track</dc:subject><dc:identifier>3974</dc:identifier></reference><ident system="http://cyber.mil/legacy">V-65739</ident><ident system="http://cyber.mil/legacy">SV-80229</ident><ident system="http://cyber.mil/cci">CCI-001170</ident><ident system="http://cyber.mil/cci">CCI-001169</ident><ident system="http://cyber.mil/cci">CCI-001166</ident><ident system="http://cyber.mil/cci">CCI-001695</ident><ident system="http://cyber.mil/cci">CCI-001662</ident><fixtext fixref="F-14378r276576_fix">Configure the following registry value:

Registry Hive: HKEY_LOCAL_MACHINE
Registry Path: \Software\Policies\Adobe\Acrobat Reader\2015\FeatureLockDown

Value Name: iProtectedView
Type: REG_DWORD
Value: 2</fixtext><fix id="F-14378r276576_fix" /><check system="C-14380r276575_chk"><check-content-ref href="Adobe_Acrobat_Reader_DC_Classic_Track_STIG.xml" name="M" /><check-content>Verify the following registry configuration:

Utilizing the Registry Editor, navigate to the following: HKEY_LOCAL_MACHINE\Software\Policies\Adobe\Acrobat Reader\2015\FeatureLockDown

Value Name: iProtectedView
Type: REG_DWORD
Value: 2

If the value for iProtectedView is not set to “2” and Type configured to REG_DWORD or does not exist, then this is a finding.</check-content></check></Rule></Group><Group id="V-213145"><title>SRG-APP-000112</title><description>&lt;GroupDescription&gt;&lt;/GroupDescription&gt;</description><Rule id="SV-213145r557349_rule" weight="10.0" severity="medium"><version>ARDC-CL-000025</version><title>Adobe Reader DC must Block Websites.</title><description>&lt;VulnDiscussion&gt;Clicking any link to the Internet poses a potential security risk. Malicious websites can transfer harmful content or silently gather data. Acrobat Reader documents can connect to websites which can pose a potential threat to DoD systems and that functionality must be blocked. However, PDF document workflows that are trusted (e.g., DoD-created) can benefit from leveraging legitimate website access with minimal risk. Therefore, the ISSO may approve of website access and accept the risk if the access provides benefit and is a trusted site or the risk associated with accessing the site has been mitigated.

Adobe Reader must block access to all websites that are not specifically allowed by ISSO risk acceptance.

Satisfies: SRG-APP-000112, SRG-APP-000206, SRG-APP-000207, SRG-APP-000209, SRG-APP-000210&lt;/VulnDiscussion&gt;&lt;FalsePositives&gt;&lt;/FalsePositives&gt;&lt;FalseNegatives&gt;&lt;/FalseNegatives&gt;&lt;Documentable&gt;false&lt;/Documentable&gt;&lt;Mitigations&gt;&lt;/Mitigations&gt;&lt;SeverityOverrideGuidance&gt;&lt;/SeverityOverrideGuidance&gt;&lt;PotentialImpacts&gt;&lt;/PotentialImpacts&gt;&lt;ThirdPartyTools&gt;&lt;/ThirdPartyTools&gt;&lt;MitigationControl&gt;&lt;/MitigationControl&gt;&lt;Responsibility&gt;&lt;/Responsibility&gt;&lt;IAControls&gt;&lt;/IAControls&gt;</description><reference><dc:title>DPMS Target Adobe Acrobat Reader DC Classic Track</dc:title><dc:publisher>DISA</dc:publisher><dc:type>DPMS Target</dc:type><dc:subject>Adobe Acrobat Reader DC Classic Track</dc:subject><dc:identifier>3974</dc:identifier></reference><ident system="http://cyber.mil/legacy">V-65767</ident><ident system="http://cyber.mil/legacy">SV-80257</ident><ident system="http://cyber.mil/cci">CCI-001166</ident><ident system="http://cyber.mil/cci">CCI-001169</ident><ident system="http://cyber.mil/cci">CCI-001170</ident><ident system="http://cyber.mil/cci">CCI-001695</ident><ident system="http://cyber.mil/cci">CCI-001662</ident><fixtext fixref="F-14379r276579_fix">Configure the following registry value:

Registry Hive: HKEY_LOCAL_MACHINE
Registry Path:
\Software\Policies\Adobe\Acrobat Reader\2015\FeatureLockDown\cDefaultLaunchURLPerms

Value Name: iURLPerms
Type: REG_DWORD
Value: 1

If configuring the system to allow access to websites, obtain documented ISSO approvals and risk acceptance and set “iURLPerms” to “0”.</fixtext><fix id="F-14379r276579_fix" /><check system="C-14381r276578_chk"><check-content-ref href="Adobe_Acrobat_Reader_DC_Classic_Track_STIG.xml" name="M" /><check-content>Verify the following registry configuration:

Utilizing the Registry Editor, navigate to the following: HKEY_LOCAL_MACHINE\Software\Policies\Adobe\Acrobat Reader\2015\FeatureLockDown\cDefaultLaunchURLPerms

Value Name: iURLPerms

Type: REG_DWORD

Value: 1

Value: 0 – only with a documented ISSO risk acceptance

If the value for iURLPerms is set to “0” and a documented ISSO risk acceptance approving access to the websites is provided, this is not a finding.

If the value for “iURLPerms” is not set to “1” and “Type” configured to “REG_DWORD” or does not exist, this is a finding.</check-content></check></Rule></Group><Group id="V-213146"><title>SRG-APP-000112</title><description>&lt;GroupDescription&gt;&lt;/GroupDescription&gt;</description><Rule id="SV-213146r557349_rule" weight="10.0" severity="medium"><version>ARDC-CL-000030</version><title>Adobe Reader DC must block access to Unknown Websites.</title><description>&lt;VulnDiscussion&gt;Because Internet access is a potential security risk, clicking any unknown website link to the Internet poses a potential security risk.

Malicious websites can transfer harmful content or silently gather data.

Satisfies: SRG-APP-000112, SRG-APP-000206, SRG-APP-000207, SRG-APP-000209, SRG-APP-000210&lt;/VulnDiscussion&gt;&lt;FalsePositives&gt;&lt;/FalsePositives&gt;&lt;FalseNegatives&gt;&lt;/FalseNegatives&gt;&lt;Documentable&gt;false&lt;/Documentable&gt;&lt;Mitigations&gt;&lt;/Mitigations&gt;&lt;SeverityOverrideGuidance&gt;&lt;/SeverityOverrideGuidance&gt;&lt;PotentialImpacts&gt;&lt;/PotentialImpacts&gt;&lt;ThirdPartyTools&gt;&lt;/ThirdPartyTools&gt;&lt;MitigationControl&gt;&lt;/MitigationControl&gt;&lt;Responsibility&gt;&lt;/Responsibility&gt;&lt;IAControls&gt;&lt;/IAControls&gt;</description><reference><dc:title>DPMS Target Adobe Acrobat Reader DC Classic Track</dc:title><dc:publisher>DISA</dc:publisher><dc:type>DPMS Target</dc:type><dc:subject>Adobe Acrobat Reader DC Classic Track</dc:subject><dc:identifier>3974</dc:identifier></reference><ident system="http://cyber.mil/legacy">SV-80259</ident><ident system="http://cyber.mil/legacy">V-65769</ident><ident system="http://cyber.mil/cci">CCI-001170</ident><ident system="http://cyber.mil/cci">CCI-001169</ident><ident system="http://cyber.mil/cci">CCI-001166</ident><ident system="http://cyber.mil/cci">CCI-001662</ident><ident system="http://cyber.mil/cci">CCI-001695</ident><fixtext fixref="F-14380r276582_fix">Configure the following registry value:

Registry Hive: HKEY_LOCAL_MACHINE
Registry Path: \Software\Policies\Adobe\Acrobat Reader\2015\FeatureLockDown\cDefaultLaunchURLPerms

Value Name: iUnknownURLPerms
Type: REG_DWORD
Value: 3</fixtext><fix id="F-14380r276582_fix" /><check system="C-14382r276581_chk"><check-content-ref href="Adobe_Acrobat_Reader_DC_Classic_Track_STIG.xml" name="M" /><check-content>Verify the following registry configuration:

Utilizing the Registry Editor, navigate to the following: HKEY_LOCAL_MACHINE\Software\Policies\Adobe\Acrobat Reader\2015\FeatureLockDown\cDefaultLaunchURLPerms

Value Name: iUnknownURLPerms
Type: REG_DWORD
Value: 3

If the value for iUnknownURLPerms is not set to “3” and Type configured to REG_DWORD or does not exist, then this is a finding.</check-content></check></Rule></Group><Group id="V-213147"><title>SRG-APP-000112</title><description>&lt;GroupDescription&gt;&lt;/GroupDescription&gt;</description><Rule id="SV-213147r557349_rule" weight="10.0" severity="medium"><version>ARDC-CL-000035</version><title>Adobe Reader DC must prevent opening files other than PDF or FDF.</title><description>&lt;VulnDiscussion&gt;Attachments represent a potential security risk because they can contain malicious content, open other dangerous files, or launch applications. Certainly file types such as .bin, .exe, .bat, and so on will be recognized as threats.

This feature prevents users from opening or launching file types other than PDF or FDF and disables the menu option.

Satisfies: SRG-APP-000112, SRG-APP-000206, SRG-APP-000207, SRG-APP-000209, SRG-APP-000210&lt;/VulnDiscussion&gt;&lt;FalsePositives&gt;&lt;/FalsePositives&gt;&lt;FalseNegatives&gt;&lt;/FalseNegatives&gt;&lt;Documentable&gt;false&lt;/Documentable&gt;&lt;Mitigations&gt;&lt;/Mitigations&gt;&lt;SeverityOverrideGuidance&gt;&lt;/SeverityOverrideGuidance&gt;&lt;PotentialImpacts&gt;&lt;/PotentialImpacts&gt;&lt;ThirdPartyTools&gt;&lt;/ThirdPartyTools&gt;&lt;MitigationControl&gt;&lt;/MitigationControl&gt;&lt;Responsibility&gt;&lt;/Responsibility&gt;&lt;IAControls&gt;&lt;/IAControls&gt;</description><reference><dc:title>DPMS Target Adobe Acrobat Reader DC Classic Track</dc:title><dc:publisher>DISA</dc:publisher><dc:type>DPMS Target</dc:type><dc:subject>Adobe Acrobat Reader DC Classic Track</dc:subject><dc:identifier>3974</dc:identifier></reference><ident system="http://cyber.mil/legacy">SV-80261</ident><ident system="http://cyber.mil/legacy">V-65771</ident><ident system="http://cyber.mil/cci">CCI-001166</ident><ident system="http://cyber.mil/cci">CCI-001169</ident><ident system="http://cyber.mil/cci">CCI-001170</ident><ident system="http://cyber.mil/cci">CCI-001695</ident><ident system="http://cyber.mil/cci">CCI-001662</ident><fixtext fixref="F-14381r276585_fix">Configure the following registry value:

Registry Hive: HKEY_LOCAL_MACHINE
Registry Path: \Software\Policies\Adobe\Acrobat Reader\2015\FeatureLockDown

Value Name: iFileAttachmentPerms
Type: REG_DWORD
Value: 1</fixtext><fix id="F-14381r276585_fix" /><check system="C-14383r276584_chk"><check-content-ref href="Adobe_Acrobat_Reader_DC_Classic_Track_STIG.xml" name="M" /><check-content>Verify the following registry configuration:

Utilizing the Registry Editor, navigate to the following: HKEY_LOCAL_MACHINE\Software\Policies\Adobe\Acrobat Reader\2015\FeatureLockDown

Value Name: iFileAttachmentPerms
Type: REG_DWORD
Value: 1

If the value for iFileAttachmentPerms is not set to “1” and Type configured to REG_DWORD or does not exist, then this is a finding.</check-content></check></Rule></Group><Group id="V-213148"><title>SRG-APP-000112</title><description>&lt;GroupDescription&gt;&lt;/GroupDescription&gt;</description><Rule id="SV-213148r557349_rule" weight="10.0" severity="medium"><version>ARDC-CL-000045</version><title>Adobe Reader DC must block Flash Content.</title><description>&lt;VulnDiscussion&gt;Flash content is commonly hosted on a web page, but it can also be embedded in PDF and other documents. Flash could be used to surreptitious install malware on the end-users computer.

Flash Content restricts Adobe Reader DC not to play Flash content within a PDF.

Satisfies: SRG-APP-000112, SRG-APP-000206, SRG-APP-000207, SRG-APP-000209, SRG-APP-000210&lt;/VulnDiscussion&gt;&lt;FalsePositives&gt;&lt;/FalsePositives&gt;&lt;FalseNegatives&gt;&lt;/FalseNegatives&gt;&lt;Documentable&gt;false&lt;/Documentable&gt;&lt;Mitigations&gt;&lt;/Mitigations&gt;&lt;SeverityOverrideGuidance&gt;&lt;/SeverityOverrideGuidance&gt;&lt;PotentialImpacts&gt;&lt;/PotentialImpacts&gt;&lt;ThirdPartyTools&gt;&lt;/ThirdPartyTools&gt;&lt;MitigationControl&gt;&lt;/MitigationControl&gt;&lt;Responsibility&gt;&lt;/Responsibility&gt;&lt;IAControls&gt;&lt;/IAControls&gt;</description><reference><dc:title>DPMS Target Adobe Acrobat Reader DC Classic Track</dc:title><dc:publisher>DISA</dc:publisher><dc:type>DPMS Target</dc:type><dc:subject>Adobe Acrobat Reader DC Classic Track</dc:subject><dc:identifier>3974</dc:identifier></reference><ident system="http://cyber.mil/legacy">SV-80265</ident><ident system="http://cyber.mil/legacy">V-65775</ident><ident system="http://cyber.mil/cci">CCI-001166</ident><ident system="http://cyber.mil/cci">CCI-001662</ident><ident system="http://cyber.mil/cci">CCI-001169</ident><ident system="http://cyber.mil/cci">CCI-001170</ident><ident system="http://cyber.mil/cci">CCI-001695</ident><fixtext fixref="F-14382r276588_fix">Configure the following registry value:

Registry Hive: HKEY_LOCAL_MACHINE
Registry Path: \Software\Policies\Adobe\Acrobat Reader\2015\FeatureLockDown

Value Name: bEnableFlash
Type: REG_DWORD
Value: 0</fixtext><fix id="F-14382r276588_fix" /><check system="C-14384r276587_chk"><check-content-ref href="Adobe_Acrobat_Reader_DC_Classic_Track_STIG.xml" name="M" /><check-content>Verify the following registry configuration:

Utilizing the Registry Editor, navigate to the following: HKEY_LOCAL_MACHINE\Software\Policies\Adobe\Acrobat Reader\2015\FeatureLockDown

Value Name: bEnableFlash
Type: REG_DWORD
Value: 0

If the value for bEnableFlash is not set to “0” and Type configured to REG_DWORD or does not exist, then this is a finding.</check-content></check></Rule></Group><Group id="V-213149"><title>SRG-APP-000133</title><description>&lt;GroupDescription&gt;&lt;/GroupDescription&gt;</description><Rule id="SV-213149r557349_rule" weight="10.0" severity="low"><version>ARDC-CL-000050</version><title>Adobe Reader DC must disable the ability to change the Default Handler.</title><description>&lt;VulnDiscussion&gt;Allowing user to make changes to an application case cause a security risk.

When the Default PDF Handler is disabled, the end users will not be able to change the default PDF viewer.&lt;/VulnDiscussion&gt;&lt;FalsePositives&gt;&lt;/FalsePositives&gt;&lt;FalseNegatives&gt;&lt;/FalseNegatives&gt;&lt;Documentable&gt;false&lt;/Documentable&gt;&lt;Mitigations&gt;&lt;/Mitigations&gt;&lt;SeverityOverrideGuidance&gt;&lt;/SeverityOverrideGuidance&gt;&lt;PotentialImpacts&gt;&lt;/PotentialImpacts&gt;&lt;ThirdPartyTools&gt;&lt;/ThirdPartyTools&gt;&lt;MitigationControl&gt;&lt;/MitigationControl&gt;&lt;Responsibility&gt;&lt;/Responsibility&gt;&lt;IAControls&gt;&lt;/IAControls&gt;</description><reference><dc:title>DPMS Target Adobe Acrobat Reader DC Classic Track</dc:title><dc:publisher>DISA</dc:publisher><dc:type>DPMS Target</dc:type><dc:subject>Adobe Acrobat Reader DC Classic Track</dc:subject><dc:identifier>3974</dc:identifier></reference><ident system="http://cyber.mil/legacy">SV-80267</ident><ident system="http://cyber.mil/legacy">V-65777</ident><ident system="http://cyber.mil/cci">CCI-001499</ident><fixtext fixref="F-14383r276591_fix">Configure the following registry value:

Registry Hive: HKEY_LOCAL_MACHINE
Registry Path: \Software\Policies\Adobe\Acrobat Reader\2015\FeatureLockDown

Value Name: bDisablePDFHandlerSwitching
Type: REG_DWORD
Value: 1</fixtext><fix id="F-14383r276591_fix" /><check system="C-14385r276590_chk"><check-content-ref href="Adobe_Acrobat_Reader_DC_Classic_Track_STIG.xml" name="M" /><check-content>Verify the following registry configuration:

Utilizing the Registry Editor, navigate to the following: HKEY_LOCAL_MACHINE\Software\Policies\Adobe\Acrobat Reader\2015\FeatureLockDown

Value Name: bDisablePDFHandlerSwitching
Type: REG_DWORD
Value: 1

If the value for bDisablePDFHandlerSwitching is not set to “1” and Type configured to REG_DWORD or does not exist, then this is a finding.</check-content></check></Rule></Group><Group id="V-213150"><title>SRG-APP-000141</title><description>&lt;GroupDescription&gt;&lt;/GroupDescription&gt;</description><Rule id="SV-213150r557349_rule" weight="10.0" severity="low"><version>ARDC-CL-000055</version><title>Adobe Reader DC must disable the Adobe Send and Track plugin for Outlook.</title><description>&lt;VulnDiscussion&gt;When enabled, Adobe Send and Track button appears in Outlook. When an email is composed it enables the ability to send large files as public links through Outlook. The attached files can be uploaded to the Adobe Document Cloud and public links to the files are inserted in the email body.&lt;/VulnDiscussion&gt;&lt;FalsePositives&gt;&lt;/FalsePositives&gt;&lt;FalseNegatives&gt;&lt;/FalseNegatives&gt;&lt;Documentable&gt;false&lt;/Documentable&gt;&lt;Mitigations&gt;&lt;/Mitigations&gt;&lt;SeverityOverrideGuidance&gt;&lt;/SeverityOverrideGuidance&gt;&lt;PotentialImpacts&gt;&lt;/PotentialImpacts&gt;&lt;ThirdPartyTools&gt;&lt;/ThirdPartyTools&gt;&lt;MitigationControl&gt;&lt;/MitigationControl&gt;&lt;Responsibility&gt;&lt;/Responsibility&gt;&lt;IAControls&gt;&lt;/IAControls&gt;</description><reference><dc:title>DPMS Target Adobe Acrobat Reader DC Classic Track</dc:title><dc:publisher>DISA</dc:publisher><dc:type>DPMS Target</dc:type><dc:subject>Adobe Acrobat Reader DC Classic Track</dc:subject><dc:identifier>3974</dc:identifier></reference><ident system="http://cyber.mil/legacy">SV-80269</ident><ident system="http://cyber.mil/legacy">V-65779</ident><ident system="http://cyber.mil/cci">CCI-000381</ident><fixtext fixref="F-14384r276594_fix">Configure the following registry value:

Note: The Key Name "cCloud" is not created by default in the Adobe Reader DC install and must be created.

Registry Hive: HKEY_LOCAL_MACHINE
Registry Path: \Software\Policies\Adobe\Acrobat Reader\2015\FeatureLockDown\cCloud

Value Name: bAdobeSendPluginToggle
Type: REG_DWORD
Value: 1

Configure the policy value for Computer Configuration &gt; Administrative Templates &gt; Adobe Reader DC Classic &gt; Preferences &gt; 'Send and Track plugin' to 'Disabled'.

This policy setting requires the installation of the AcrobatDCClassic custom templates included with the STIG package. "AcrobatDCClassic.admx" and "AcrobatDCClassic.adml" must be copied to the \Windows\PolicyDefinitions and \Windows\PolicyDefinitions\en-US directories respectively. </fixtext><fix id="F-14384r276594_fix" /><check system="C-14386r276593_chk"><check-content-ref href="Adobe_Acrobat_Reader_DC_Classic_Track_STIG.xml" name="M" /><check-content>Verify the following registry configuration:

Note: The Key Name "cCloud" is not created by default in the Adobe Reader DC install and must be created.

Utilizing the Registry Editor, navigate to the following: HKEY_LOCAL_MACHINE\Software\Policies\Adobe\Acrobat Reader\2015\FeatureLockDown\cCloud

Value Name: bAdobeSendPluginToggle
Type: REG_DWORD
Value: 1

If the value for bAdobeSendPluginToggle is not set to “1” and Type configured to REG_DWORD or does not exist, then this is a finding.

Admin Template path: Computer Configuration &gt; Administrative Templates &gt; Adobe Reader DC Classic &gt; Preferences &gt; 'Send and Track plugin' must be set to 'Disabled'.

This policy setting requires the installation of the AcrobatDCClassic custom templates included with the STIG package. "AcrobatDCClassic.admx" and "AcrobatDCClassic.adml" must be copied to the \Windows\PolicyDefinitions and \Windows\PolicyDefinitions\en-US directories respectively. </check-content></check></Rule></Group><Group id="V-213151"><title>SRG-APP-000141</title><description>&lt;GroupDescription&gt;&lt;/GroupDescription&gt;</description><Rule id="SV-213151r557349_rule" weight="10.0" severity="medium"><version>ARDC-CL-000060</version><title>Adobe Reader DC must disable all service access to Document Cloud Services.</title><description>&lt;VulnDiscussion&gt;By default, Adobe online services are tightly integrated in Adobe Reader DC. With the integration of Adobe Document Cloud, disabling this feature prevents the risk of additional attack vectors.

Within Adobe Reader DC, the Adobe Cloud resources require a paid subscription for each service.&lt;/VulnDiscussion&gt;&lt;FalsePositives&gt;&lt;/FalsePositives&gt;&lt;FalseNegatives&gt;&lt;/FalseNegatives&gt;&lt;Documentable&gt;false&lt;/Documentable&gt;&lt;Mitigations&gt;&lt;/Mitigations&gt;&lt;SeverityOverrideGuidance&gt;&lt;/SeverityOverrideGuidance&gt;&lt;PotentialImpacts&gt;&lt;/PotentialImpacts&gt;&lt;ThirdPartyTools&gt;&lt;/ThirdPartyTools&gt;&lt;MitigationControl&gt;&lt;/MitigationControl&gt;&lt;Responsibility&gt;&lt;/Responsibility&gt;&lt;IAControls&gt;&lt;/IAControls&gt;</description><reference><dc:title>DPMS Target Adobe Acrobat Reader DC Classic Track</dc:title><dc:publisher>DISA</dc:publisher><dc:type>DPMS Target</dc:type><dc:subject>Adobe Acrobat Reader DC Classic Track</dc:subject><dc:identifier>3974</dc:identifier></reference><ident system="http://cyber.mil/legacy">V-65781</ident><ident system="http://cyber.mil/legacy">SV-80271</ident><ident system="http://cyber.mil/cci">CCI-000381</ident><fixtext fixref="F-14385r276597_fix">Configure the following registry value:

Note: The Key Name "cServices" is not created by default in the Adobe Reader DC install and must be created.

Registry Hive: HKEY_LOCAL_MACHINE
Registry Path: \Software\Policies\Adobe\Acrobat Reader\2015\FeatureLockDown\cServices

Value Name: bToggleAdobeDocumentServices
Type: REG_DWORD
Value: 1</fixtext><fix id="F-14385r276597_fix" /><check system="C-14387r276596_chk"><check-content-ref href="Adobe_Acrobat_Reader_DC_Classic_Track_STIG.xml" name="M" /><check-content>Verify the following registry configuration:

Note: The Key Name "cServices" is not created by default in the Adobe Reader DC install and must be created.

Utilizing the Registry Editor, navigate to the following: HKEY_LOCAL_MACHINE\Software\Policies\Adobe\Acrobat Reader\2015\FeatureLockDown\cServices

Value Name: bToggleAdobeDocumentServices
Type: REG_DWORD
Value: 1

If the value for bToggleAdobeDocumentServices is not set to “1” and Type configured to REG_DWORD or does not exist, then this is a finding.</check-content></check></Rule></Group><Group id="V-213152"><title>SRG-APP-000141</title><description>&lt;GroupDescription&gt;&lt;/GroupDescription&gt;</description><Rule id="SV-213152r557349_rule" weight="10.0" severity="medium"><version>ARDC-CL-000065</version><title>Adobe Reader DC must disable Cloud Synchronization.</title><description>&lt;VulnDiscussion&gt;By default, Adobe online services are tightly integrated in Adobe Reader DC. When the Adobe Cloud synchronization is disabled it prevents the synchronization of desktop preferences across devices on which the user is signed in with an Adobe ID (including phones).&lt;/VulnDiscussion&gt;&lt;FalsePositives&gt;&lt;/FalsePositives&gt;&lt;FalseNegatives&gt;&lt;/FalseNegatives&gt;&lt;Documentable&gt;false&lt;/Documentable&gt;&lt;Mitigations&gt;&lt;/Mitigations&gt;&lt;SeverityOverrideGuidance&gt;&lt;/SeverityOverrideGuidance&gt;&lt;PotentialImpacts&gt;&lt;/PotentialImpacts&gt;&lt;ThirdPartyTools&gt;&lt;/ThirdPartyTools&gt;&lt;MitigationControl&gt;&lt;/MitigationControl&gt;&lt;Responsibility&gt;&lt;/Responsibility&gt;&lt;IAControls&gt;&lt;/IAControls&gt;</description><reference><dc:title>DPMS Target Adobe Acrobat Reader DC Classic Track</dc:title><dc:publisher>DISA</dc:publisher><dc:type>DPMS Target</dc:type><dc:subject>Adobe Acrobat Reader DC Classic Track</dc:subject><dc:identifier>3974</dc:identifier></reference><ident system="http://cyber.mil/legacy">SV-80273</ident><ident system="http://cyber.mil/legacy">V-65783</ident><ident system="http://cyber.mil/cci">CCI-000381</ident><fixtext fixref="F-14386r276600_fix">Configure the following registry value:

Note: The Key Name "cServices" is not created by default in the Adobe Reader DC install and must be created.

Registry Hive: HKEY_LOCAL_MACHINE
Registry Path: \Software\Policies\Adobe\Acrobat Reader\2015\FeatureLockDown\cServices

Value Name: bTogglePrefsSync
Type: REG_DWORD
Value: 1</fixtext><fix id="F-14386r276600_fix" /><check system="C-14388r276599_chk"><check-content-ref href="Adobe_Acrobat_Reader_DC_Classic_Track_STIG.xml" name="M" /><check-content>Verify the following registry configuration:

Note: The Key Name "cServices" is not created by default in the Adobe Reader DC install and must be created.

Utilizing the Registry Editor, navigate to the following: HKEY_LOCAL_MACHINE\Software\Policies\Adobe\Acrobat Reader\2015\FeatureLockDown\cServices

Value Name: bTogglePrefsSync
Type: REG_DWORD
Value: 1

If the value for bTogglePrefSync is not set to “1” and Type configured to REG_DWORD or does not exist, then this is a finding.</check-content></check></Rule></Group><Group id="V-213153"><title>SRG-APP-000141</title><description>&lt;GroupDescription&gt;&lt;/GroupDescription&gt;</description><Rule id="SV-213153r557349_rule" weight="10.0" severity="low"><version>ARDC-CL-000070</version><title>Adobe Reader DC must disable the Adobe Repair Installation.</title><description>&lt;VulnDiscussion&gt;When Repair Installation is disabled the user does not have the option (Help Menu) or functional to repair an Adobe Reader DC install.&lt;/VulnDiscussion&gt;&lt;FalsePositives&gt;&lt;/FalsePositives&gt;&lt;FalseNegatives&gt;&lt;/FalseNegatives&gt;&lt;Documentable&gt;false&lt;/Documentable&gt;&lt;Mitigations&gt;&lt;/Mitigations&gt;&lt;SeverityOverrideGuidance&gt;&lt;/SeverityOverrideGuidance&gt;&lt;PotentialImpacts&gt;&lt;/PotentialImpacts&gt;&lt;ThirdPartyTools&gt;&lt;/ThirdPartyTools&gt;&lt;MitigationControl&gt;&lt;/MitigationControl&gt;&lt;Responsibility&gt;&lt;/Responsibility&gt;&lt;IAControls&gt;&lt;/IAControls&gt;</description><reference><dc:title>DPMS Target Adobe Acrobat Reader DC Classic Track</dc:title><dc:publisher>DISA</dc:publisher><dc:type>DPMS Target</dc:type><dc:subject>Adobe Acrobat Reader DC Classic Track</dc:subject><dc:identifier>3974</dc:identifier></reference><ident system="http://cyber.mil/legacy">SV-80275</ident><ident system="http://cyber.mil/legacy">V-65785</ident><ident system="http://cyber.mil/cci">CCI-000381</ident><fixtext fixref="F-14387r276603_fix">Configure the following registry value:

For 32 bit:
Registry Hive: HKEY_LOCAL_MACHINE
Registry Path: \Software\Adobe\Acrobat Reader\2015\Installer 

For 64 bit:
Registry Hive: HKEY_LOCAL_MACHINE
Registry Path: \SOFTWARE\Wow6432Node\Adobe\Acrobat Reader\2015\Installer

Value Name: DisableMaintenance
Type: REG_DWORD
Value: 1</fixtext><fix id="F-14387r276603_fix" /><check system="C-14389r276602_chk"><check-content-ref href="Adobe_Acrobat_Reader_DC_Classic_Track_STIG.xml" name="M" /><check-content>Verify the following registry configuration:

Utilizing the Registry Editor, navigate to the following: 

For 32 bit:
HKEY_LOCAL_MACHINE\Software\Adobe\Acrobat Reader\2015\Installer

For 64 bit:
HKEY_LOCAL_MACHINE\SOFTWARE\Wow6432Node\Adobe\Acrobat Reader\2015\Installer

Value Name: DisableMaintenance
Type: REG_DWORD
Value: 1

If the value for DisableMaintenance is not set to “1” and Type configured to REG_DWORD or does not exist, then this is a finding.</check-content></check></Rule></Group><Group id="V-213154"><title>SRG-APP-000141</title><description>&lt;GroupDescription&gt;&lt;/GroupDescription&gt;</description><Rule id="SV-213154r557349_rule" weight="10.0" severity="medium"><version>ARDC-CL-000075</version><title>Adobe Reader DC must disable 3rd Party Web Connectors.</title><description>&lt;VulnDiscussion&gt;When 3rd Party Web Connectors are disabled it prevents the configuration of Adobe Reader DC access to third party services for file storage.&lt;/VulnDiscussion&gt;&lt;FalsePositives&gt;&lt;/FalsePositives&gt;&lt;FalseNegatives&gt;&lt;/FalseNegatives&gt;&lt;Documentable&gt;false&lt;/Documentable&gt;&lt;Mitigations&gt;&lt;/Mitigations&gt;&lt;SeverityOverrideGuidance&gt;&lt;/SeverityOverrideGuidance&gt;&lt;PotentialImpacts&gt;&lt;/PotentialImpacts&gt;&lt;ThirdPartyTools&gt;&lt;/ThirdPartyTools&gt;&lt;MitigationControl&gt;&lt;/MitigationControl&gt;&lt;Responsibility&gt;&lt;/Responsibility&gt;&lt;IAControls&gt;&lt;/IAControls&gt;</description><reference><dc:title>DPMS Target Adobe Acrobat Reader DC Classic Track</dc:title><dc:publisher>DISA</dc:publisher><dc:type>DPMS Target</dc:type><dc:subject>Adobe Acrobat Reader DC Classic Track</dc:subject><dc:identifier>3974</dc:identifier></reference><ident system="http://cyber.mil/legacy">V-65787</ident><ident system="http://cyber.mil/legacy">SV-80277</ident><ident system="http://cyber.mil/cci">CCI-000381</ident><fixtext fixref="F-14388r276606_fix">Configure the following registry value:

Note: The Key Name "cServices" is not created by default in the Adobe Reader DC install and must be created.

Registry Hive: HKEY_LOCAL_MACHINE
Registry Path: \Software\Policies\Adobe\Acrobat Reader\2015\FeatureLockDown\cServices

Value Name: bToggleWebConnectors
Type: REG_DWORD
Value: 1</fixtext><fix id="F-14388r276606_fix" /><check system="C-14390r276605_chk"><check-content-ref href="Adobe_Acrobat_Reader_DC_Classic_Track_STIG.xml" name="M" /><check-content>Verify the following registry configuration:

Note: The Key Name "cServices" is not created by default in the Adobe Reader DC install and must be created.

Utilizing the Registry Editor, navigate to the following: HKEY_LOCAL_MACHINE\Software\Policies\Adobe\Acrobat Reader\2015\FeatureLockDown\cServices

Value Name: bToggleWebConnectors
Type: REG_DWORD
Value: 1

If the value for bToggleWebConnectors is not set to “1” and Type configured to REG_DWORD or does not exist, then this is a finding.</check-content></check></Rule></Group><Group id="V-213155"><title>SRG-APP-000141</title><description>&lt;GroupDescription&gt;&lt;/GroupDescription&gt;</description><Rule id="SV-213155r557349_rule" weight="10.0" severity="low"><version>ARDC-CL-000080</version><title>Adobe Reader DC must disable Acrobat Upsell.</title><description>&lt;VulnDiscussion&gt;Products that don’t provide the full set of features by default provide the user the opportunity to upgrade. Acrobat Upsell displays message which encourage the user to upgrade the product. For example, Reader users can purchase additional tools and features, and Acrobat Reader users can upgrade to Acrobat Professional.&lt;/VulnDiscussion&gt;&lt;FalsePositives&gt;&lt;/FalsePositives&gt;&lt;FalseNegatives&gt;&lt;/FalseNegatives&gt;&lt;Documentable&gt;false&lt;/Documentable&gt;&lt;Mitigations&gt;&lt;/Mitigations&gt;&lt;SeverityOverrideGuidance&gt;&lt;/SeverityOverrideGuidance&gt;&lt;PotentialImpacts&gt;&lt;/PotentialImpacts&gt;&lt;ThirdPartyTools&gt;&lt;/ThirdPartyTools&gt;&lt;MitigationControl&gt;&lt;/MitigationControl&gt;&lt;Responsibility&gt;&lt;/Responsibility&gt;&lt;IAControls&gt;&lt;/IAControls&gt;</description><reference><dc:title>DPMS Target Adobe Acrobat Reader DC Classic Track</dc:title><dc:publisher>DISA</dc:publisher><dc:type>DPMS Target</dc:type><dc:subject>Adobe Acrobat Reader DC Classic Track</dc:subject><dc:identifier>3974</dc:identifier></reference><ident system="http://cyber.mil/legacy">SV-80305</ident><ident system="http://cyber.mil/legacy">V-65815</ident><ident system="http://cyber.mil/cci">CCI-000381</ident><fixtext fixref="F-14389r276609_fix">Configure the following registry value:

Registry Hive: HKEY_LOCAL_MACHINE
Registry Path: \Software\Policies\Adobe\Acrobat Reader\2015\FeatureLockDown 

Value Name: bAcroSuppressUpsell
Type: REG_DWORD
Value: 1</fixtext><fix id="F-14389r276609_fix" /><check system="C-14391r276608_chk"><check-content-ref href="Adobe_Acrobat_Reader_DC_Classic_Track_STIG.xml" name="M" /><check-content>Verify the following registry configuration:

Utilizing the Registry Editor, navigate to the following: 
HKEY_LOCAL_MACHINE\Software\Policies\Adobe\Acrobat Reader\2015\FeatureLockDown 

Value Name: bAcroSuppressUpsell
Type: REG_DWORD
Value: 1

If the value for bAcroSuppressUpsell is not set to “1” and Type configured to REG_DWORD or does not exist, then this is a finding.</check-content></check></Rule></Group><Group id="V-213156"><title>SRG-APP-000141</title><description>&lt;GroupDescription&gt;&lt;/GroupDescription&gt;</description><Rule id="SV-213156r557349_rule" weight="10.0" severity="low"><version>ARDC-CL-000085</version><title>Adobe Reader DC must disable Adobe Send for Signature.</title><description>&lt;VulnDiscussion&gt;The Adobe Document Cloud sign service allows users to send documents online for signature and sign from anywhere or any device. The signed documents are stored in the Adobe Cloud. The Adobe Document Cloud sign service is a paid subscription.

When Adobe Send for Signature is disabled users will not be allowed to utilize the Adobe Document Cloud sign function.&lt;/VulnDiscussion&gt;&lt;FalsePositives&gt;&lt;/FalsePositives&gt;&lt;FalseNegatives&gt;&lt;/FalseNegatives&gt;&lt;Documentable&gt;false&lt;/Documentable&gt;&lt;Mitigations&gt;&lt;/Mitigations&gt;&lt;SeverityOverrideGuidance&gt;&lt;/SeverityOverrideGuidance&gt;&lt;PotentialImpacts&gt;&lt;/PotentialImpacts&gt;&lt;ThirdPartyTools&gt;&lt;/ThirdPartyTools&gt;&lt;MitigationControl&gt;&lt;/MitigationControl&gt;&lt;Responsibility&gt;&lt;/Responsibility&gt;&lt;IAControls&gt;&lt;/IAControls&gt;</description><reference><dc:title>DPMS Target Adobe Acrobat Reader DC Classic Track</dc:title><dc:publisher>DISA</dc:publisher><dc:type>DPMS Target</dc:type><dc:subject>Adobe Acrobat Reader DC Classic Track</dc:subject><dc:identifier>3974</dc:identifier></reference><ident system="http://cyber.mil/legacy">V-65789</ident><ident system="http://cyber.mil/legacy">SV-80279</ident><ident system="http://cyber.mil/cci">CCI-000381</ident><fixtext fixref="F-14390r276612_fix">Configure the following registry value:

Note: The Key Name "cServices" is not created by default in the Adobe Reader DC install and must be created.

Registry Hive: HKEY_LOCAL_MACHINE
Registry Path: \Software\Policies\Adobe\Acrobat Reader\2015\FeatureLockDown\cServices

Value Name: bToggleAdobeSign
Type: REG_DWORD
Value: 1</fixtext><fix id="F-14390r276612_fix" /><check system="C-14392r276611_chk"><check-content-ref href="Adobe_Acrobat_Reader_DC_Classic_Track_STIG.xml" name="M" /><check-content>Verify the following registry configuration:

Note: The Key Name "cServices" is not created by default in the Adobe Reader DC install and must be created.

Utilizing the Registry Editor, navigate to the following: HKEY_LOCAL_MACHINE\Software\Policies\Adobe\Acrobat Reader\2015\FeatureLockDown\cServices

Value Name: bToggleAdobeSign
Type: REG_DWORD
Value: 1

If the value for bToggleAdobeSign is not set to “1” and Type configured to REG_DWORD or does not exist, then this is a finding.</check-content></check></Rule></Group><Group id="V-213157"><title>SRG-APP-000141</title><description>&lt;GroupDescription&gt;&lt;/GroupDescription&gt;</description><Rule id="SV-213157r557349_rule" weight="10.0" severity="medium"><version>ARDC-CL-000090</version><title>Adobe Reader DC must disable access to Webmail.</title><description>&lt;VulnDiscussion&gt;When Webmail is disabled the user cannot configure a webmail account to send an open PDF document as an attachment. Users should have the ability to send documents as Microsoft Outlook attachments. The difference is that Outlook must be configured by the administrator on the local machine.&lt;/VulnDiscussion&gt;&lt;FalsePositives&gt;&lt;/FalsePositives&gt;&lt;FalseNegatives&gt;&lt;/FalseNegatives&gt;&lt;Documentable&gt;false&lt;/Documentable&gt;&lt;Mitigations&gt;&lt;/Mitigations&gt;&lt;SeverityOverrideGuidance&gt;&lt;/SeverityOverrideGuidance&gt;&lt;PotentialImpacts&gt;&lt;/PotentialImpacts&gt;&lt;ThirdPartyTools&gt;&lt;/ThirdPartyTools&gt;&lt;MitigationControl&gt;&lt;/MitigationControl&gt;&lt;Responsibility&gt;&lt;/Responsibility&gt;&lt;IAControls&gt;&lt;/IAControls&gt;</description><reference><dc:title>DPMS Target Adobe Acrobat Reader DC Classic Track</dc:title><dc:publisher>DISA</dc:publisher><dc:type>DPMS Target</dc:type><dc:subject>Adobe Acrobat Reader DC Classic Track</dc:subject><dc:identifier>3974</dc:identifier></reference><ident system="http://cyber.mil/legacy">SV-80281</ident><ident system="http://cyber.mil/legacy">V-65791</ident><ident system="http://cyber.mil/cci">CCI-000381</ident><fixtext fixref="F-14391r276615_fix">Configure the following registry value:

Note: The Key Name "cWebmailProfiles" is not created by default in the Adobe Reader DC install and must be created.

Registry Hive: HKEY_LOCAL_MACHINE
Registry Path: \Software\Policies\Adobe\Acrobat Reader\2015\FeatureLockDown\cWebmailProfiles

Value Name: bDisableWebmail
Type: REG_DWORD
Value: 1</fixtext><fix id="F-14391r276615_fix" /><check system="C-14393r276614_chk"><check-content-ref href="Adobe_Acrobat_Reader_DC_Classic_Track_STIG.xml" name="M" /><check-content>Verify the following registry configuration:

Note: The Key Name "cWebmailProfiles" is not created by default in the Adobe Reader DC install and must be created.

Utilizing the Registry Editor, navigate to the following: HKEY_LOCAL_MACHINE\Software\Policies\Adobe\Acrobat Reader\2015\FeatureLockDown\cWebmailProfiles

Value Name: bDisableWebmail
Type: REG_DWORD
Value: 1

If the value for bDisableWebmail is not set to “1” and Type configured to REG_DWORD or does not exist, then this is a finding.</check-content></check></Rule></Group><Group id="V-213158"><title>SRG-APP-000141</title><description>&lt;GroupDescription&gt;&lt;/GroupDescription&gt;</description><Rule id="SV-213158r557349_rule" weight="10.0" severity="medium"><version>ARDC-CL-000100</version><title>Adobe Reader DC must disable Online SharePoint Access.</title><description>&lt;VulnDiscussion&gt;Disabling SharePoint disables or removes the user’s ability to add a SharePoint account access controls the application's ability to detect that a file came from a SharePoint server, and disables the check-out prompt.&lt;/VulnDiscussion&gt;&lt;FalsePositives&gt;&lt;/FalsePositives&gt;&lt;FalseNegatives&gt;&lt;/FalseNegatives&gt;&lt;Documentable&gt;false&lt;/Documentable&gt;&lt;Mitigations&gt;&lt;/Mitigations&gt;&lt;SeverityOverrideGuidance&gt;&lt;/SeverityOverrideGuidance&gt;&lt;PotentialImpacts&gt;&lt;/PotentialImpacts&gt;&lt;ThirdPartyTools&gt;&lt;/ThirdPartyTools&gt;&lt;MitigationControl&gt;&lt;/MitigationControl&gt;&lt;Responsibility&gt;&lt;/Responsibility&gt;&lt;IAControls&gt;&lt;/IAControls&gt;</description><reference><dc:title>DPMS Target Adobe Acrobat Reader DC Classic Track</dc:title><dc:publisher>DISA</dc:publisher><dc:type>DPMS Target</dc:type><dc:subject>Adobe Acrobat Reader DC Classic Track</dc:subject><dc:identifier>3974</dc:identifier></reference><ident system="http://cyber.mil/legacy">V-65793</ident><ident system="http://cyber.mil/legacy">SV-80283</ident><ident system="http://cyber.mil/cci">CCI-000381</ident><fixtext fixref="F-14392r276618_fix">Configure the following registry value:

Note: The Key Name "cSharePoint" is not created by default in the Adobe Reader DC install and must be created.

Registry Hive: HKEY_LOCAL_MACHINE
Registry Path: \Software\Policies\Adobe\Acrobat Reader\2015\FeatureLockDown\cSharePoint

Value Name: bDisableSharePointFeatures
Type: REG_DWORD
Value: 1</fixtext><fix id="F-14392r276618_fix" /><check system="C-14394r276617_chk"><check-content-ref href="Adobe_Acrobat_Reader_DC_Classic_Track_STIG.xml" name="M" /><check-content>Verify the following registry configuration:

If configured to an approved DoD SharePoint Server, this is NA.

Note: The Key Name "cSharePoint" is not created by default in the Adobe Reader DC install and must be created.

Utilizing the Registry Editor, navigate to the following: HKEY_LOCAL_MACHINE\Software\Policies\Adobe\Acrobat Reader\2015\FeatureLockDown\cSharePoint

Value Name: bDisableSharePointFeatures
Type: REG_DWORD
Value: 1

If the value for bDisableSharePointFeatures is not set to “1” and Type configured to REG_DWORD or does not exist, then this is a finding.</check-content></check></Rule></Group><Group id="V-213159"><title>SRG-APP-000141</title><description>&lt;GroupDescription&gt;&lt;/GroupDescription&gt;</description><Rule id="SV-213159r557349_rule" weight="10.0" severity="low"><version>ARDC-CL-000115</version><title>Adobe Reader DC must disable the Adobe Welcome Screen.</title><description>&lt;VulnDiscussion&gt;The Adobe Reader DC Welcome screen can be distracting and also has online links to the Adobe quick tips website, tutorials, blogs and community forums.

When the Adobe Reader DC Welcome screen is disabled the Welcome screen will not be populated on application startup.&lt;/VulnDiscussion&gt;&lt;FalsePositives&gt;&lt;/FalsePositives&gt;&lt;FalseNegatives&gt;&lt;/FalseNegatives&gt;&lt;Documentable&gt;false&lt;/Documentable&gt;&lt;Mitigations&gt;&lt;/Mitigations&gt;&lt;SeverityOverrideGuidance&gt;&lt;/SeverityOverrideGuidance&gt;&lt;PotentialImpacts&gt;&lt;/PotentialImpacts&gt;&lt;ThirdPartyTools&gt;&lt;/ThirdPartyTools&gt;&lt;MitigationControl&gt;&lt;/MitigationControl&gt;&lt;Responsibility&gt;&lt;/Responsibility&gt;&lt;IAControls&gt;&lt;/IAControls&gt;</description><reference><dc:title>DPMS Target Adobe Acrobat Reader DC Classic Track</dc:title><dc:publisher>DISA</dc:publisher><dc:type>DPMS Target</dc:type><dc:subject>Adobe Acrobat Reader DC Classic Track</dc:subject><dc:identifier>3974</dc:identifier></reference><ident system="http://cyber.mil/legacy">SV-80285</ident><ident system="http://cyber.mil/legacy">V-65795</ident><ident system="http://cyber.mil/cci">CCI-000381</ident><fixtext fixref="F-14393r276621_fix">Configure the following registry value:

Note: The Key Name "cWelcomeScreen" is not created by default in the Adobe Reader DC install and must be created.

Registry Hive: HKEY_LOCAL_MACHINE
Registry Path: \Software\Policies\Adobe\Acrobat Reader\2015\FeatureLockDown\cWelcomeScreen

Value Name: bShowWelcomeScreen
Type: REG_DWORD
Value: 0</fixtext><fix id="F-14393r276621_fix" /><check system="C-14395r276620_chk"><check-content-ref href="Adobe_Acrobat_Reader_DC_Classic_Track_STIG.xml" name="M" /><check-content>Verify the following registry configuration:

Note: The Key Name "cWelcomeScreen" is not created by default in the Adobe Reader DC install and must be created.

Utilizing the Registry Editor, navigate to the following: HKEY_LOCAL_MACHINE\Software\Policies\Adobe\Acrobat Reader\2015\FeatureLockDown\cWelcomeScreen

Value Name: bShowWelcomeScreen
Type: REG_DWORD
Value: 0

If the value for bShowWelcomeScreen is not set to “0” and Type configured to REG_DWORD or does not exist, then this is a finding.</check-content></check></Rule></Group><Group id="V-213160"><title>SRG-APP-000141</title><description>&lt;GroupDescription&gt;&lt;/GroupDescription&gt;</description><Rule id="SV-213160r557349_rule" weight="10.0" severity="low"><version>ARDC-CL-000120</version><title>Adobe Reader DC must disable Service Upgrades.</title><description>&lt;VulnDiscussion&gt;By default, Adobe online services are tightly integrated into Adobe Reader DC. Disabling Service Upgrades disables both updates to the product's web-plugin components as well as all services without exception, including any online sign-in screen.&lt;/VulnDiscussion&gt;&lt;FalsePositives&gt;&lt;/FalsePositives&gt;&lt;FalseNegatives&gt;&lt;/FalseNegatives&gt;&lt;Documentable&gt;false&lt;/Documentable&gt;&lt;Mitigations&gt;&lt;/Mitigations&gt;&lt;SeverityOverrideGuidance&gt;&lt;/SeverityOverrideGuidance&gt;&lt;PotentialImpacts&gt;&lt;/PotentialImpacts&gt;&lt;ThirdPartyTools&gt;&lt;/ThirdPartyTools&gt;&lt;MitigationControl&gt;&lt;/MitigationControl&gt;&lt;Responsibility&gt;&lt;/Responsibility&gt;&lt;IAControls&gt;&lt;/IAControls&gt;</description><reference><dc:title>DPMS Target Adobe Acrobat Reader DC Classic Track</dc:title><dc:publisher>DISA</dc:publisher><dc:type>DPMS Target</dc:type><dc:subject>Adobe Acrobat Reader DC Classic Track</dc:subject><dc:identifier>3974</dc:identifier></reference><ident system="http://cyber.mil/legacy">SV-80287</ident><ident system="http://cyber.mil/legacy">V-65797</ident><ident system="http://cyber.mil/cci">CCI-000381</ident><fixtext fixref="F-14394r276624_fix">Configure the following registry value:

Note: The Key Name "cServices" is not created by default in the Adobe Reader DC install and must be created.

Registry Hive: HKEY_LOCAL_MACHINE
Registry Path: \Software\Policies\Adobe\Acrobat Reader\2015\FeatureLockDown\cServices

Value Name: bUpdater
Type: REG_DWORD
Value: 0</fixtext><fix id="F-14394r276624_fix" /><check system="C-14396r276623_chk"><check-content-ref href="Adobe_Acrobat_Reader_DC_Classic_Track_STIG.xml" name="M" /><check-content>Verify the following registry configuration:

Note: The Key Name "cServices" is not created by default in the Adobe Reader DC install and must be created.

Utilizing the Registry Editor, navigate to the following: HKEY_LOCAL_MACHINE\Software\Policies\Adobe\Acrobat Reader\2015\FeatureLockDown\cServices

Value Name: bUpdater
Type: REG_DWORD
Value: 0

If the value for bUpdater is not set to “0” and Type configured to REG_DWORD or does not exist, then this is a finding.</check-content></check></Rule></Group><Group id="V-213161"><title>SRG-APP-000380</title><description>&lt;GroupDescription&gt;&lt;/GroupDescription&gt;</description><Rule id="SV-213161r557349_rule" weight="10.0" severity="medium"><version>ARDC-CL-000315</version><title>Adobe Reader DC must disable the ability to add Trusted Files and Folders.</title><description>&lt;VulnDiscussion&gt;Privileged Locations allow the user to selectively trust files, folders, and hosts to bypass some security restrictions, such as enhanced security and protected view. By default, the user can create privileged locations through the GUI.

Disabling Trusted Files and Folders disables and locks the end user's ability to add folders and files as a privileged location prevents them from assigning trust and thereby exempting that location from enhanced security restrictions.&lt;/VulnDiscussion&gt;&lt;FalsePositives&gt;&lt;/FalsePositives&gt;&lt;FalseNegatives&gt;&lt;/FalseNegatives&gt;&lt;Documentable&gt;false&lt;/Documentable&gt;&lt;Mitigations&gt;&lt;/Mitigations&gt;&lt;SeverityOverrideGuidance&gt;&lt;/SeverityOverrideGuidance&gt;&lt;PotentialImpacts&gt;&lt;/PotentialImpacts&gt;&lt;ThirdPartyTools&gt;&lt;/ThirdPartyTools&gt;&lt;MitigationControl&gt;&lt;/MitigationControl&gt;&lt;Responsibility&gt;&lt;/Responsibility&gt;&lt;IAControls&gt;&lt;/IAControls&gt;</description><reference><dc:title>DPMS Target Adobe Acrobat Reader DC Classic Track</dc:title><dc:publisher>DISA</dc:publisher><dc:type>DPMS Target</dc:type><dc:subject>Adobe Acrobat Reader DC Classic Track</dc:subject><dc:identifier>3974</dc:identifier></reference><ident system="http://cyber.mil/legacy">V-65801</ident><ident system="http://cyber.mil/legacy">SV-80291</ident><ident system="http://cyber.mil/cci">CCI-001813</ident><fixtext fixref="F-14395r276627_fix">Configure the following registry value:

Registry Hive: HKEY_LOCAL_MACHINE
Registry Path: \Software\Policies\Adobe\Acrobat Reader\2015\FeatureLockDown

Value Name: bDisableTrustedFolders
Type: REG_DWORD
Value: 1</fixtext><fix id="F-14395r276627_fix" /><check system="C-14397r276626_chk"><check-content-ref href="Adobe_Acrobat_Reader_DC_Classic_Track_STIG.xml" name="M" /><check-content>Verify the following registry configuration:

Utilizing the Registry Editor, navigate to the following: HKEY_LOCAL_MACHINE\Software\Policies\Adobe\Acrobat Reader\2015\FeatureLockDown

Value Name: bDisableTrustedFolders
Type: REG_DWORD
Value: 1

If the value for bDisableTrustedFolders is not set to “1” and Type configured to REG_DWORD or does not exist, then this is a finding.</check-content></check></Rule></Group><Group id="V-213162"><title>SRG-APP-000380</title><description>&lt;GroupDescription&gt;&lt;/GroupDescription&gt;</description><Rule id="SV-213162r557349_rule" weight="10.0" severity="medium"><version>ARDC-CL-000320</version><title>Adobe Reader DC must disable the ability to specify Host-Based Privileged Locations.</title><description>&lt;VulnDiscussion&gt;Privileged Locations allow the user to selectively trust files, folders, and hosts to bypass some security restrictions, such as enhanced security and protected view. By default, the user can create privileged locations through the GUI.

Disabling Host-Based Privileged Locations disables and locks the end user's ability to add hosts as a privileged location prevents them from assigning trust and thereby exempting that location from enhanced security restrictions.&lt;/VulnDiscussion&gt;&lt;FalsePositives&gt;&lt;/FalsePositives&gt;&lt;FalseNegatives&gt;&lt;/FalseNegatives&gt;&lt;Documentable&gt;false&lt;/Documentable&gt;&lt;Mitigations&gt;&lt;/Mitigations&gt;&lt;SeverityOverrideGuidance&gt;&lt;/SeverityOverrideGuidance&gt;&lt;PotentialImpacts&gt;&lt;/PotentialImpacts&gt;&lt;ThirdPartyTools&gt;&lt;/ThirdPartyTools&gt;&lt;MitigationControl&gt;&lt;/MitigationControl&gt;&lt;Responsibility&gt;&lt;/Responsibility&gt;&lt;IAControls&gt;&lt;/IAControls&gt;</description><reference><dc:title>DPMS Target Adobe Acrobat Reader DC Classic Track</dc:title><dc:publisher>DISA</dc:publisher><dc:type>DPMS Target</dc:type><dc:subject>Adobe Acrobat Reader DC Classic Track</dc:subject><dc:identifier>3974</dc:identifier></reference><ident system="http://cyber.mil/legacy">V-65803</ident><ident system="http://cyber.mil/legacy">SV-80293</ident><ident system="http://cyber.mil/cci">CCI-001813</ident><fixtext fixref="F-14396r276630_fix">Configure the following registry value:

Registry Hive: HKEY_LOCAL_MACHINE
Registry Path: \Software\Policies\Adobe\Acrobat Reader\2015\FeatureLockDown

Value Name: bDisableTrustedSites
Type: REG_DWORD
Value: 1</fixtext><fix id="F-14396r276630_fix" /><check system="C-14398r276629_chk"><check-content-ref href="Adobe_Acrobat_Reader_DC_Classic_Track_STIG.xml" name="M" /><check-content>Verify the following registry configuration:

Utilizing the Registry Editor, navigate to the following: HKEY_LOCAL_MACHINE\Software\Policies\Adobe\Acrobat Reader\2015\FeatureLockDown

Value Name: bDisableTrustedSites
Type: REG_DWORD
Value: 1

If the value for bDisableTrustedSites is not set to “1” and Type configured to REG_DWORD or does not exist, then this is a finding.</check-content></check></Rule></Group><Group id="V-213163"><title>SRG-APP-000427</title><description>&lt;GroupDescription&gt;&lt;/GroupDescription&gt;</description><Rule id="SV-213163r557349_rule" weight="10.0" severity="low"><version>ARDC-CL-000330</version><title>Adobe Reader DC must disable periodical uploading of European certificates.</title><description>&lt;VulnDiscussion&gt;By default, the user can update European certificates from an Adobe server through the GUI.

When uploading European certificates is disabled, it prevents the automatic download and installation of certificates and disables and locks the end user's ability to upload those certificates.&lt;/VulnDiscussion&gt;&lt;FalsePositives&gt;&lt;/FalsePositives&gt;&lt;FalseNegatives&gt;&lt;/FalseNegatives&gt;&lt;Documentable&gt;false&lt;/Documentable&gt;&lt;Mitigations&gt;&lt;/Mitigations&gt;&lt;SeverityOverrideGuidance&gt;&lt;/SeverityOverrideGuidance&gt;&lt;PotentialImpacts&gt;&lt;/PotentialImpacts&gt;&lt;ThirdPartyTools&gt;&lt;/ThirdPartyTools&gt;&lt;MitigationControl&gt;&lt;/MitigationControl&gt;&lt;Responsibility&gt;&lt;/Responsibility&gt;&lt;IAControls&gt;&lt;/IAControls&gt;</description><reference><dc:title>DPMS Target Adobe Acrobat Reader DC Classic Track</dc:title><dc:publisher>DISA</dc:publisher><dc:type>DPMS Target</dc:type><dc:subject>Adobe Acrobat Reader DC Classic Track</dc:subject><dc:identifier>3974</dc:identifier></reference><ident system="http://cyber.mil/legacy">V-65807</ident><ident system="http://cyber.mil/legacy">SV-80297</ident><ident system="http://cyber.mil/cci">CCI-002470</ident><fixtext fixref="F-14397r276633_fix">Configure the following registry value:

Note: The Key Names "cDigSig" and "cEUTLDownload" are not created by default in the Adobe Reader DC install and must be created.

Registry Hive: HKEY_CURRENT_USER
Registry Path: \Software\Adobe\Acrobat Reader\2015\Security\cDigSig\cEUTLDownload

Value Name: bLoadSettingsFromURL 
Type: REG_DWORD
Value: 0</fixtext><fix id="F-14397r276633_fix" /><check system="C-14399r276632_chk"><check-content-ref href="Adobe_Acrobat_Reader_DC_Classic_Track_STIG.xml" name="M" /><check-content>Verify the following registry configuration:

Note: The Key Names "cDigSig" and "cEUTLDownload" are not created by default in the Adobe Reader DC install and must be created.

Utilizing the Registry Editor, navigate to the following: HKEY_CURRENT_USER\Software\Adobe\Acrobat Reader\2015\Security\cDigSig\cEUTLDownload

Value Name: bLoadSettingsFromURL 
Type: REG_DWORD
Value: 0

If the value for bLoadSettingsFromURL is not set to “0” and Type configured to REG_DWORD or does not exist, then this is a finding.</check-content></check></Rule></Group><Group id="V-213164"><title>SRG-APP-000427</title><description>&lt;GroupDescription&gt;&lt;/GroupDescription&gt;</description><Rule id="SV-213164r557349_rule" weight="10.0" severity="low"><version>ARDC-CL-000335</version><title>Adobe Reader DC must disable periodical uploading of Adobe certificates.</title><description>&lt;VulnDiscussion&gt;By default, the user can update Adobe certificates from an Adobe server through the GUI.

When uploading Adobe certificates is disabled, it prevents the automatic download and installation of certificates and disables and locks the end user's ability to upload those certificates.&lt;/VulnDiscussion&gt;&lt;FalsePositives&gt;&lt;/FalsePositives&gt;&lt;FalseNegatives&gt;&lt;/FalseNegatives&gt;&lt;Documentable&gt;false&lt;/Documentable&gt;&lt;Mitigations&gt;&lt;/Mitigations&gt;&lt;SeverityOverrideGuidance&gt;&lt;/SeverityOverrideGuidance&gt;&lt;PotentialImpacts&gt;&lt;/PotentialImpacts&gt;&lt;ThirdPartyTools&gt;&lt;/ThirdPartyTools&gt;&lt;MitigationControl&gt;&lt;/MitigationControl&gt;&lt;Responsibility&gt;&lt;/Responsibility&gt;&lt;IAControls&gt;&lt;/IAControls&gt;</description><reference><dc:title>DPMS Target Adobe Acrobat Reader DC Classic Track</dc:title><dc:publisher>DISA</dc:publisher><dc:type>DPMS Target</dc:type><dc:subject>Adobe Acrobat Reader DC Classic Track</dc:subject><dc:identifier>3974</dc:identifier></reference><ident system="http://cyber.mil/legacy">V-65809</ident><ident system="http://cyber.mil/legacy">SV-80299</ident><ident system="http://cyber.mil/cci">CCI-002470</ident><fixtext fixref="F-14398r276636_fix">Configure the following registry value:

Note: The Key Names "cDigSig" and "cAdobeDownload" are not created by default in the Adobe Reader DC install and must be created.

Registry Hive: HKEY_CURRENT_USER
Registry Path: \Software\Adobe\Acrobat Reader\2015\Security\cDigSig\cAdobeDownload

Value Name: bLoadSettingsFromURL 
Type: REG_DWORD
Value: 0</fixtext><fix id="F-14398r276636_fix" /><check system="C-14400r276635_chk"><check-content-ref href="Adobe_Acrobat_Reader_DC_Classic_Track_STIG.xml" name="M" /><check-content>Verify the following registry configuration:

Note: The Key Names "cDigSig" and "cAdobeDownload" are not created by default in the Adobe Reader DC install and must be created.

Utilizing the Registry Editor, navigate to the following: HKEY_CURRENT_USER\Software\Adobe\Acrobat Reader\2015\Security\cDigSig\cAdobeDownload

Value Name: bLoadSettingsFromURL 
Type: REG_DWORD
Value: 0

If the value for bLoadSettingsFromURL is not set to “0” and Type configured to REG_DWORD or does not exist, then this is a finding.</check-content></check></Rule></Group><Group id="V-213165"><title>SRG-APP-000456</title><description>&lt;GroupDescription&gt;&lt;/GroupDescription&gt;</description><Rule id="SV-213165r557349_rule" weight="10.0" severity="high"><version>ARDC-CL-000340</version><title>Unsupported version of Adobe Acrobat Reader DC Classic must be uninstalled.</title><description>&lt;VulnDiscussion&gt;Adobe has ended support for Acrobat Reader Classic track and is no longer providing patches or security updates for this product. Organizations (including any contractor to the organization) are required to promptly remove Acrobat Reader Classic track versions as they are no longer supported by the vendor.    &lt;/VulnDiscussion&gt;&lt;FalsePositives&gt;&lt;/FalsePositives&gt;&lt;FalseNegatives&gt;&lt;/FalseNegatives&gt;&lt;Documentable&gt;false&lt;/Documentable&gt;&lt;Mitigations&gt;&lt;/Mitigations&gt;&lt;SeverityOverrideGuidance&gt;&lt;/SeverityOverrideGuidance&gt;&lt;PotentialImpacts&gt;&lt;/PotentialImpacts&gt;&lt;ThirdPartyTools&gt;&lt;/ThirdPartyTools&gt;&lt;MitigationControl&gt;&lt;/MitigationControl&gt;&lt;Responsibility&gt;&lt;/Responsibility&gt;&lt;IAControls&gt;&lt;/IAControls&gt;</description><reference><dc:title>DPMS Target Adobe Acrobat Reader DC Classic Track</dc:title><dc:publisher>DISA</dc:publisher><dc:type>DPMS Target</dc:type><dc:subject>Adobe Acrobat Reader DC Classic Track</dc:subject><dc:identifier>3974</dc:identifier></reference><ident system="http://cyber.mil/legacy">V-65811</ident><ident system="http://cyber.mil/legacy">SV-80301</ident><ident system="http://cyber.mil/cci">CCI-002605</ident><fixtext fixref="F-14399r548543_fix">Remove/uninstall the Adobe Acrobat Reader DC application. Replace with a supported Acrobat version if required.</fixtext><fix id="F-14399r548543_fix" /><check system="C-14401r548542_chk"><check-content-ref href="Adobe_Acrobat_Reader_DC_Classic_Track_STIG.xml" name="M" /><check-content>Review the applications that are installed on the system. 

Verify Adobe Acrobat Reader DC Classic is not installed.

If Adobe Acrobat Reader DC Classic is installed, this is a finding.
</check-content></check></Rule></Group><Group id="V-213166"><title>SRG-APP-000514</title><description>&lt;GroupDescription&gt;&lt;/GroupDescription&gt;</description><Rule id="SV-213166r557349_rule" weight="10.0" severity="medium"><version>ARDC-CL-000345</version><title>Adobe Reader DC must enable FIPS mode.</title><description>&lt;VulnDiscussion&gt;Use of weak or untested encryption algorithms undermines the purposes of utilizing encryption to protect data. The application must implement cryptographic modules adhering to the higher standards approved by the federal government since this provides assurance they have been tested and validated.&lt;/VulnDiscussion&gt;&lt;FalsePositives&gt;&lt;/FalsePositives&gt;&lt;FalseNegatives&gt;&lt;/FalseNegatives&gt;&lt;Documentable&gt;false&lt;/Documentable&gt;&lt;Mitigations&gt;&lt;/Mitigations&gt;&lt;SeverityOverrideGuidance&gt;&lt;/SeverityOverrideGuidance&gt;&lt;PotentialImpacts&gt;&lt;/PotentialImpacts&gt;&lt;ThirdPartyTools&gt;&lt;/ThirdPartyTools&gt;&lt;MitigationControl&gt;&lt;/MitigationControl&gt;&lt;Responsibility&gt;&lt;/Responsibility&gt;&lt;IAControls&gt;&lt;/IAControls&gt;</description><reference><dc:title>DPMS Target Adobe Acrobat Reader DC Classic Track</dc:title><dc:publisher>DISA</dc:publisher><dc:type>DPMS Target</dc:type><dc:subject>Adobe Acrobat Reader DC Classic Track</dc:subject><dc:identifier>3974</dc:identifier></reference><ident system="http://cyber.mil/legacy">V-65813</ident><ident system="http://cyber.mil/legacy">SV-80303</ident><ident system="http://cyber.mil/cci">CCI-002450</ident><fixtext fixref="F-14400r276642_fix">Configure the following registry value:

Note: The Key Names "bFIPSMode" is not created by default in the Adobe Reader DC install and must be created.

Registry Hive: HKEY_CURRENT_USER
Registry Path: \Software\Adobe\Acrobat Reader\2015\AVGeneral

Value Name: bFIPSMode 
Type: REG_DWORD
Value: 1</fixtext><fix id="F-14400r276642_fix" /><check system="C-14402r276641_chk"><check-content-ref href="Adobe_Acrobat_Reader_DC_Classic_Track_STIG.xml" name="M" /><check-content>Verify the following registry configuration:

Note: The Key Names "bFIPSMode" is not created by default in the Adobe Reader DC install and must be created.

Utilizing the Registry Editor, navigate to the following: HKEY_CURRENT_USER\Software\Adobe\Acrobat Reader\2015\AVGeneral

Value Name: bFIPSMode 
Type: REG_DWORD
Value: 1

If the value for bFIPSMode is not set to “1” and Type configured to REG_DWORD does not exist, then this is a finding.</check-content></check></Rule></Group></Benchmark>