<?xml version="1.0" encoding="utf-8"?><?xml-stylesheet type='text/xsl' href='STIG_unclass.xsl'?><Benchmark xmlns:dc="http://purl.org/dc/elements/1.1/" xmlns:xsi="http://www.w3.org/2001/XMLSchema-instance" xmlns:cpe="http://cpe.mitre.org/language/2.0" xmlns:xhtml="http://www.w3.org/1999/xhtml" xmlns:dsig="http://www.w3.org/2000/09/xmldsig#" xsi:schemaLocation="http://checklists.nist.gov/xccdf/1.1 http://nvd.nist.gov/schema/xccdf-1.1.4.xsd http://cpe.mitre.org/dictionary/2.0 http://cpe.mitre.org/files/cpe-dictionary_2.1.xsd" id="Microsoft_InfoPath_2013" xml:lang="en" xmlns="http://checklists.nist.gov/xccdf/1.1"><status date="2024-06-14">accepted</status><title>Microsoft InfoPath 2013 Security Technical Implementation Guide</title><description>This Security Technical Implementation Guide is published as a tool to improve the security of Department of Defense (DOD) information systems. The requirements are derived from the National Institute of Standards and Technology (NIST) 800-53 and related documents. Comments or proposed revisions to this document should be sent via email to the following address: disa.stig_spt@mail.mil.</description><notice id="terms-of-use" xml:lang="en"></notice><front-matter xml:lang="en"></front-matter><rear-matter xml:lang="en"></rear-matter><reference href="https://cyber.mil"><dc:publisher>DISA</dc:publisher><dc:source>STIG.DOD.MIL</dc:source></reference><plain-text id="release-info">Release: 6 Benchmark Date: 24 Jul 2024</plain-text><plain-text id="generator">3.5</plain-text><plain-text id="conventionsVersion">1.10.0</plain-text><version>1</version><Profile id="MAC-1_Classified"><title>I - Mission Critical Classified</title><description>&lt;ProfileDescription&gt;&lt;/ProfileDescription&gt;</description><select idref="V-242480" selected="true" /><select idref="V-242481" selected="true" /><select idref="V-242482" selected="true" /><select idref="V-242483" selected="true" /><select idref="V-242484" selected="true" /><select idref="V-242485" selected="true" /><select idref="V-242486" selected="true" /><select idref="V-242487" selected="true" /><select idref="V-242488" selected="true" /><select idref="V-242489" selected="true" /><select idref="V-242490" selected="true" /><select idref="V-242491" selected="true" /><select idref="V-242492" selected="true" /><select idref="V-242493" selected="true" /><select idref="V-242494" selected="true" /><select idref="V-242495" selected="true" /><select idref="V-242496" selected="true" /><select idref="V-242497" selected="true" /><select idref="V-242498" selected="true" /><select idref="V-242499" selected="true" /><select idref="V-242500" selected="true" /><select idref="V-242501" selected="true" /><select idref="V-242502" selected="true" /><select idref="V-265892" selected="true" /></Profile><Profile id="MAC-1_Public"><title>I - Mission Critical Public</title><description>&lt;ProfileDescription&gt;&lt;/ProfileDescription&gt;</description><select idref="V-242480" selected="true" /><select idref="V-242481" selected="true" /><select idref="V-242482" selected="true" /><select idref="V-242483" selected="true" /><select idref="V-242484" selected="true" /><select idref="V-242485" selected="true" /><select idref="V-242486" selected="true" /><select idref="V-242487" selected="true" /><select idref="V-242488" selected="true" /><select idref="V-242489" selected="true" /><select idref="V-242490" selected="true" /><select idref="V-242491" selected="true" /><select idref="V-242492" selected="true" /><select idref="V-242493" selected="true" /><select idref="V-242494" selected="true" /><select idref="V-242495" selected="true" /><select idref="V-242496" selected="true" /><select idref="V-242497" selected="true" /><select idref="V-242498" selected="true" /><select idref="V-242499" selected="true" /><select idref="V-242500" selected="true" /><select idref="V-242501" selected="true" /><select idref="V-242502" selected="true" /><select idref="V-265892" selected="true" /></Profile><Profile id="MAC-1_Sensitive"><title>I - Mission Critical Sensitive</title><description>&lt;ProfileDescription&gt;&lt;/ProfileDescription&gt;</description><select idref="V-242480" selected="true" /><select idref="V-242481" selected="true" /><select idref="V-242482" selected="true" /><select idref="V-242483" selected="true" /><select idref="V-242484" selected="true" /><select idref="V-242485" selected="true" /><select idref="V-242486" selected="true" /><select idref="V-242487" selected="true" /><select idref="V-242488" selected="true" /><select idref="V-242489" selected="true" /><select idref="V-242490" selected="true" /><select idref="V-242491" selected="true" /><select idref="V-242492" selected="true" /><select idref="V-242493" selected="true" /><select idref="V-242494" selected="true" /><select idref="V-242495" selected="true" /><select idref="V-242496" selected="true" /><select idref="V-242497" selected="true" /><select idref="V-242498" selected="true" /><select idref="V-242499" selected="true" /><select idref="V-242500" selected="true" /><select idref="V-242501" selected="true" /><select idref="V-242502" selected="true" /><select idref="V-265892" selected="true" /></Profile><Profile id="MAC-2_Classified"><title>II - Mission Support Classified</title><description>&lt;ProfileDescription&gt;&lt;/ProfileDescription&gt;</description><select idref="V-242480" selected="true" /><select idref="V-242481" selected="true" /><select idref="V-242482" selected="true" /><select idref="V-242483" selected="true" /><select idref="V-242484" selected="true" /><select idref="V-242485" selected="true" /><select idref="V-242486" selected="true" /><select idref="V-242487" selected="true" /><select idref="V-242488" selected="true" /><select idref="V-242489" selected="true" /><select idref="V-242490" selected="true" /><select idref="V-242491" selected="true" /><select idref="V-242492" selected="true" /><select idref="V-242493" selected="true" /><select idref="V-242494" selected="true" /><select idref="V-242495" selected="true" /><select idref="V-242496" selected="true" /><select idref="V-242497" selected="true" /><select idref="V-242498" selected="true" /><select idref="V-242499" selected="true" /><select idref="V-242500" selected="true" /><select idref="V-242501" selected="true" /><select idref="V-242502" selected="true" /><select idref="V-265892" selected="true" /></Profile><Profile id="MAC-2_Public"><title>II - Mission Support Public</title><description>&lt;ProfileDescription&gt;&lt;/ProfileDescription&gt;</description><select idref="V-242480" selected="true" /><select idref="V-242481" selected="true" /><select idref="V-242482" selected="true" /><select idref="V-242483" selected="true" /><select idref="V-242484" selected="true" /><select idref="V-242485" selected="true" /><select idref="V-242486" selected="true" /><select idref="V-242487" selected="true" /><select idref="V-242488" selected="true" /><select idref="V-242489" selected="true" /><select idref="V-242490" selected="true" /><select idref="V-242491" selected="true" /><select idref="V-242492" selected="true" /><select idref="V-242493" selected="true" /><select idref="V-242494" selected="true" /><select idref="V-242495" selected="true" /><select idref="V-242496" selected="true" /><select idref="V-242497" selected="true" /><select idref="V-242498" selected="true" /><select idref="V-242499" selected="true" /><select idref="V-242500" selected="true" /><select idref="V-242501" selected="true" /><select idref="V-242502" selected="true" /><select idref="V-265892" selected="true" /></Profile><Profile id="MAC-2_Sensitive"><title>II - Mission Support Sensitive</title><description>&lt;ProfileDescription&gt;&lt;/ProfileDescription&gt;</description><select idref="V-242480" selected="true" /><select idref="V-242481" selected="true" /><select idref="V-242482" selected="true" /><select idref="V-242483" selected="true" /><select idref="V-242484" selected="true" /><select idref="V-242485" selected="true" /><select idref="V-242486" selected="true" /><select idref="V-242487" selected="true" /><select idref="V-242488" selected="true" /><select idref="V-242489" selected="true" /><select idref="V-242490" selected="true" /><select idref="V-242491" selected="true" /><select idref="V-242492" selected="true" /><select idref="V-242493" selected="true" /><select idref="V-242494" selected="true" /><select idref="V-242495" selected="true" /><select idref="V-242496" selected="true" /><select idref="V-242497" selected="true" /><select idref="V-242498" selected="true" /><select idref="V-242499" selected="true" /><select idref="V-242500" selected="true" /><select idref="V-242501" selected="true" /><select idref="V-242502" selected="true" /><select idref="V-265892" selected="true" /></Profile><Profile id="MAC-3_Classified"><title>III - Administrative Classified</title><description>&lt;ProfileDescription&gt;&lt;/ProfileDescription&gt;</description><select idref="V-242480" selected="true" /><select idref="V-242481" selected="true" /><select idref="V-242482" selected="true" /><select idref="V-242483" selected="true" /><select idref="V-242484" selected="true" /><select idref="V-242485" selected="true" /><select idref="V-242486" selected="true" /><select idref="V-242487" selected="true" /><select idref="V-242488" selected="true" /><select idref="V-242489" selected="true" /><select idref="V-242490" selected="true" /><select idref="V-242491" selected="true" /><select idref="V-242492" selected="true" /><select idref="V-242493" selected="true" /><select idref="V-242494" selected="true" /><select idref="V-242495" selected="true" /><select idref="V-242496" selected="true" /><select idref="V-242497" selected="true" /><select idref="V-242498" selected="true" /><select idref="V-242499" selected="true" /><select idref="V-242500" selected="true" /><select idref="V-242501" selected="true" /><select idref="V-242502" selected="true" /><select idref="V-265892" selected="true" /></Profile><Profile id="MAC-3_Public"><title>III - Administrative Public</title><description>&lt;ProfileDescription&gt;&lt;/ProfileDescription&gt;</description><select idref="V-242480" selected="true" /><select idref="V-242481" selected="true" /><select idref="V-242482" selected="true" /><select idref="V-242483" selected="true" /><select idref="V-242484" selected="true" /><select idref="V-242485" selected="true" /><select idref="V-242486" selected="true" /><select idref="V-242487" selected="true" /><select idref="V-242488" selected="true" /><select idref="V-242489" selected="true" /><select idref="V-242490" selected="true" /><select idref="V-242491" selected="true" /><select idref="V-242492" selected="true" /><select idref="V-242493" selected="true" /><select idref="V-242494" selected="true" /><select idref="V-242495" selected="true" /><select idref="V-242496" selected="true" /><select idref="V-242497" selected="true" /><select idref="V-242498" selected="true" /><select idref="V-242499" selected="true" /><select idref="V-242500" selected="true" /><select idref="V-242501" selected="true" /><select idref="V-242502" selected="true" /><select idref="V-265892" selected="true" /></Profile><Profile id="MAC-3_Sensitive"><title>III - Administrative Sensitive</title><description>&lt;ProfileDescription&gt;&lt;/ProfileDescription&gt;</description><select idref="V-242480" selected="true" /><select idref="V-242481" selected="true" /><select idref="V-242482" selected="true" /><select idref="V-242483" selected="true" /><select idref="V-242484" selected="true" /><select idref="V-242485" selected="true" /><select idref="V-242486" selected="true" /><select idref="V-242487" selected="true" /><select idref="V-242488" selected="true" /><select idref="V-242489" selected="true" /><select idref="V-242490" selected="true" /><select idref="V-242491" selected="true" /><select idref="V-242492" selected="true" /><select idref="V-242493" selected="true" /><select idref="V-242494" selected="true" /><select idref="V-242495" selected="true" /><select idref="V-242496" selected="true" /><select idref="V-242497" selected="true" /><select idref="V-242498" selected="true" /><select idref="V-242499" selected="true" /><select idref="V-242500" selected="true" /><select idref="V-242501" selected="true" /><select idref="V-242502" selected="true" /><select idref="V-265892" selected="true" /></Profile><Group id="V-242480"><title>SRG-APP-000131</title><description>&lt;GroupDescription&gt;&lt;/GroupDescription&gt;</description><Rule id="SV-242480r960954_rule" weight="10.0" severity="medium"><version>DTOO127</version><title>Add-ins to Office applications must be signed by a Trusted Publisher.</title><description>&lt;VulnDiscussion&gt;Office 2013 applications do not check the digital signature on application add-ins before opening them.  Disabling or not configuring this setting may allow an application to load a dangerous add-in.  As a result, malicious code could become active on user computers or the network.&lt;/VulnDiscussion&gt;&lt;FalsePositives&gt;&lt;/FalsePositives&gt;&lt;FalseNegatives&gt;&lt;/FalseNegatives&gt;&lt;Documentable&gt;false&lt;/Documentable&gt;&lt;Mitigations&gt;&lt;/Mitigations&gt;&lt;SeverityOverrideGuidance&gt;&lt;/SeverityOverrideGuidance&gt;&lt;PotentialImpacts&gt;&lt;/PotentialImpacts&gt;&lt;ThirdPartyTools&gt;&lt;/ThirdPartyTools&gt;&lt;MitigationControl&gt;&lt;/MitigationControl&gt;&lt;Responsibility&gt;&lt;/Responsibility&gt;&lt;IAControls&gt;&lt;/IAControls&gt;</description><reference><dc:title>DPMS Target Microsoft InfoPath 2013</dc:title><dc:publisher>DISA</dc:publisher><dc:type>DPMS Target</dc:type><dc:subject>Microsoft InfoPath 2013</dc:subject><dc:identifier>5378</dc:identifier></reference><ident system="http://cyber.mil/legacy">V-17758</ident><ident system="http://cyber.mil/legacy">SV-53335</ident><ident system="http://cyber.mil/cci">CCI-001749</ident><fixtext fixref="F-45712r713115_fix">Set the policy value for User Configuration -&gt; Administrative Templates -&gt; Microsoft InfoPath 2013 -&gt; Security -&gt; Trust Center "Require that application add-ins are signed by Trusted Publisher" to "Enabled".</fixtext><fix id="F-45712r713115_fix" /><check system="C-45755r713114_chk"><check-content-ref href="Microsoft_InfoPath_2013_STIG.xml" name="M" /><check-content>The policy value for User Configuration -&gt; Administrative Templates -&gt; Microsoft InfoPath 2013 -&gt; Security -&gt; Trust Center "Require that application add-ins are signed by Trusted Publisher" must be set to "Enabled".

Procedure: Use the Windows Registry Editor to navigate to the following key: 

HKCU\Software\Policies\Microsoft\Office\15.0\InfoPath\security

Criteria: If the value RequireAddinSig is REG_DWORD = 1, this is not a finding.</check-content></check></Rule></Group><Group id="V-242481"><title>SRG-APP-000131</title><description>&lt;GroupDescription&gt;&lt;/GroupDescription&gt;</description><Rule id="SV-242481r960954_rule" weight="10.0" severity="medium"><version>DTOO131</version><title>Trust Bar Notifications for unsigned application add-ins must be blocked.</title><description>&lt;VulnDiscussion&gt;If an application is configured to require all add-ins to be signed by a trusted publisher, any unsigned add-ins the application loads will be disabled and the application will display the Trust Bar at the top of the active window. The Trust Bar contains a message informing users about the unsigned add-in. If a user is allowed to make the determination to allow an unsigned add-in, it increases the risk of malicious code being introduced onto the user's computer or the network.&lt;/VulnDiscussion&gt;&lt;FalsePositives&gt;&lt;/FalsePositives&gt;&lt;FalseNegatives&gt;&lt;/FalseNegatives&gt;&lt;Documentable&gt;false&lt;/Documentable&gt;&lt;Mitigations&gt;&lt;/Mitigations&gt;&lt;SeverityOverrideGuidance&gt;&lt;/SeverityOverrideGuidance&gt;&lt;PotentialImpacts&gt;&lt;/PotentialImpacts&gt;&lt;ThirdPartyTools&gt;&lt;/ThirdPartyTools&gt;&lt;MitigationControl&gt;&lt;/MitigationControl&gt;&lt;Responsibility&gt;&lt;/Responsibility&gt;&lt;IAControls&gt;&lt;/IAControls&gt;</description><reference><dc:title>DPMS Target Microsoft InfoPath 2013</dc:title><dc:publisher>DISA</dc:publisher><dc:type>DPMS Target</dc:type><dc:subject>Microsoft InfoPath 2013</dc:subject><dc:identifier>5378</dc:identifier></reference><ident system="http://cyber.mil/legacy">V-26697</ident><ident system="http://cyber.mil/legacy">SV-53452</ident><ident system="http://cyber.mil/cci">CCI-001749</ident><fixtext fixref="F-45713r713118_fix">Set the policy value for User Configuration -&gt; Administrative Templates -&gt; Microsoft InfoPath 2013 -&gt; Security -&gt; Trust Center "Disable Trust Bar Notification for unsigned application add-ins" to "Enabled".</fixtext><fix id="F-45713r713118_fix" /><check system="C-45756r713117_chk"><check-content-ref href="Microsoft_InfoPath_2013_STIG.xml" name="M" /><check-content>The policy value for User Configuration -&gt; Administrative Templates -&gt; Microsoft InfoPath 2013 -&gt; Security -&gt; Trust Center "Disable Trust Bar Notification for unsigned application add-ins" must be "Enabled".

Procedure: Use the Windows Registry Editor to navigate to the following key: 

HKCU\Software\Policies\Microsoft\Office\15.0\InfoPath\security

Criteria: If the value NoTBPromptUnsignedAddin is REG_DWORD = 1, this is not a finding.</check-content></check></Rule></Group><Group id="V-242482"><title>SRG-APP-000210</title><description>&lt;GroupDescription&gt;&lt;/GroupDescription&gt;</description><Rule id="SV-242482r961092_rule" weight="10.0" severity="medium"><version>DTOO133</version><title>All automatic loading from Trusted Locations must be disabled.</title><description>&lt;VulnDiscussion&gt;Trusted locations specified in the Trust Center are used to define file locations assumed to be safe. Content, code, and add-ins are allowed to load from trusted locations with a minimal amount of security, without prompting the users for permission. If a dangerous file is opened from a trusted location, it will not be subject to standard security measures and could harm users' computers or data. By default, files located in trusted locations (those specified in the Trust Center) are assumed to be safe.&lt;/VulnDiscussion&gt;&lt;FalsePositives&gt;&lt;/FalsePositives&gt;&lt;FalseNegatives&gt;&lt;/FalseNegatives&gt;&lt;Documentable&gt;false&lt;/Documentable&gt;&lt;Mitigations&gt;&lt;/Mitigations&gt;&lt;SeverityOverrideGuidance&gt;&lt;/SeverityOverrideGuidance&gt;&lt;PotentialImpacts&gt;&lt;/PotentialImpacts&gt;&lt;ThirdPartyTools&gt;&lt;/ThirdPartyTools&gt;&lt;MitigationControl&gt;&lt;/MitigationControl&gt;&lt;Responsibility&gt;&lt;/Responsibility&gt;&lt;IAControls&gt;&lt;/IAControls&gt;</description><reference><dc:title>DPMS Target Microsoft InfoPath 2013</dc:title><dc:publisher>DISA</dc:publisher><dc:type>DPMS Target</dc:type><dc:subject>Microsoft InfoPath 2013</dc:subject><dc:identifier>5378</dc:identifier></reference><ident system="http://cyber.mil/legacy">V-17471</ident><ident system="http://cyber.mil/legacy">SV-53333</ident><ident system="http://cyber.mil/cci">CCI-001170</ident><fixtext fixref="F-45714r713121_fix">Set the policy value for User Configuration -&gt; Administrative Templates -&gt; Microsoft InfoPath 2013 -&gt; Security -&gt; Trust Center "Disable all trusted locations" to "Enabled".</fixtext><fix id="F-45714r713121_fix" /><check system="C-45757r713120_chk"><check-content-ref href="Microsoft_InfoPath_2013_STIG.xml" name="M" /><check-content>The policy value for User Configuration -&gt; Administrative Templates -&gt; Microsoft InfoPath 2013 -&gt; Security -&gt; Trust Center "Disable all trusted locations" must be set to "Enabled".

Procedure: Use the Windows Registry Editor to navigate to the following key: 

HKCU\Software\Policies\Microsoft\Office\15.0\InfoPath\security\trusted locations

Criteria: If the value AllLocationsDisabled is REG_DWORD = 1, this is not a finding.</check-content></check></Rule></Group><Group id="V-242483"><title>SRG-APP-000516</title><description>&lt;GroupDescription&gt;&lt;/GroupDescription&gt;</description><Rule id="SV-242483r961863_rule" weight="10.0" severity="medium"><version>DTOO156</version><title>Offline Mode capability to cache queries for offline mode must be configured.</title><description>&lt;VulnDiscussion&gt;InfoPath can function in online mode or offline mode. It can also cache queries for use in offline mode. If offline mode is used and cached queries are enabled, sensitive information contained in the cache could be at risk. By default, InfoPath is in online mode, but offline mode is available to users. Users can also cache queries for use in offline mode.&lt;/VulnDiscussion&gt;&lt;FalsePositives&gt;&lt;/FalsePositives&gt;&lt;FalseNegatives&gt;&lt;/FalseNegatives&gt;&lt;Documentable&gt;false&lt;/Documentable&gt;&lt;Mitigations&gt;&lt;/Mitigations&gt;&lt;SeverityOverrideGuidance&gt;&lt;/SeverityOverrideGuidance&gt;&lt;PotentialImpacts&gt;&lt;/PotentialImpacts&gt;&lt;ThirdPartyTools&gt;&lt;/ThirdPartyTools&gt;&lt;MitigationControl&gt;&lt;/MitigationControl&gt;&lt;Responsibility&gt;&lt;/Responsibility&gt;&lt;IAControls&gt;&lt;/IAControls&gt;</description><reference><dc:title>DPMS Target Microsoft InfoPath 2013</dc:title><dc:publisher>DISA</dc:publisher><dc:type>DPMS Target</dc:type><dc:subject>Microsoft InfoPath 2013</dc:subject><dc:identifier>5378</dc:identifier></reference><ident system="http://cyber.mil/legacy">V-17611</ident><ident system="http://cyber.mil/legacy">SV-53384</ident><ident system="http://cyber.mil/cci">CCI-000366</ident><fixtext fixref="F-45715r713124_fix">Set the policy value for User Configuration -&gt; Administrative Templates -&gt; Microsoft InfoPath 2013 -&gt; InfoPath Options -&gt; Advanced -&gt; Offline "Offline Mode status" to "Enabled (Enabled, InfoPath not in Offline Mode)".</fixtext><fix id="F-45715r713124_fix" /><check system="C-45758r713123_chk"><check-content-ref href="Microsoft_InfoPath_2013_STIG.xml" name="M" /><check-content>Verify the policy value for User Configuration -&gt; Administrative Templates -&gt; Microsoft InfoPath 2013 -&gt; InfoPath Options -&gt; Advanced -&gt; Offline "Offline Mode status" is set to "Enabled (Enabled, InfoPath not in Offline Mode)".

Procedure: Use the Windows Registry Editor to navigate to the following key: 

HKCU\Software\Policies\Microsoft\Office\15.0\InfoPath\editor\offline

Criteria: If the value CachedModeStatus is REG_DWORD = 2, this is not a finding.</check-content></check></Rule></Group><Group id="V-242484"><title>SRG-APP-000278</title><description>&lt;GroupDescription&gt;&lt;/GroupDescription&gt;</description><Rule id="SV-242484r961194_rule" weight="10.0" severity="medium"><version>DTOO157</version><title>Redirection behavior for upgraded web sites by SharePoint must be blocked.</title><description>&lt;VulnDiscussion&gt;InfoPath automatically redirects user requests for sites that have not been upgraded to the temporary URL if it is located on the local intranet, but blocks them if the temporary URL is located elsewhere. InfoPath will prompt users before redirecting forms or form templates to another intranet site.
If this restriction is relaxed, all requests to sites that have not been upgraded will be redirected to their targets, regardless of location. This functionality could cause requests made to a secure site to be redirected to an unsecured one (for example, requests to an intranet site could be redirected to an unencrypted Internet site), causing sensitive information to be at risk.&lt;/VulnDiscussion&gt;&lt;FalsePositives&gt;&lt;/FalsePositives&gt;&lt;FalseNegatives&gt;&lt;/FalseNegatives&gt;&lt;Documentable&gt;false&lt;/Documentable&gt;&lt;Mitigations&gt;&lt;/Mitigations&gt;&lt;SeverityOverrideGuidance&gt;&lt;/SeverityOverrideGuidance&gt;&lt;PotentialImpacts&gt;&lt;/PotentialImpacts&gt;&lt;ThirdPartyTools&gt;&lt;/ThirdPartyTools&gt;&lt;MitigationControl&gt;&lt;/MitigationControl&gt;&lt;Responsibility&gt;&lt;/Responsibility&gt;&lt;IAControls&gt;&lt;/IAControls&gt;</description><reference><dc:title>DPMS Target Microsoft InfoPath 2013</dc:title><dc:publisher>DISA</dc:publisher><dc:type>DPMS Target</dc:type><dc:subject>Microsoft InfoPath 2013</dc:subject><dc:identifier>5378</dc:identifier></reference><ident system="http://cyber.mil/legacy">V-17654</ident><ident system="http://cyber.mil/legacy">SV-53378</ident><ident system="http://cyber.mil/cci">CCI-001242</ident><fixtext fixref="F-45716r713127_fix">Set the policy value for User Configuration -&gt; Administrative Templates -&gt; Microsoft InfoPath 2013 -&gt; Security -&gt; "Control behavior for Microsoft SharePoint Foundation gradual upgrade" to "Enabled (Block all redirections)".</fixtext><fix id="F-45716r713127_fix" /><check system="C-45759r713126_chk"><check-content-ref href="Microsoft_InfoPath_2013_STIG.xml" name="M" /><check-content>The policy value for User Configuration -&gt; Administrative Templates -&gt; Microsoft InfoPath 2013 -&gt; Security -&gt; "Control behavior for Microsoft SharePoint Foundation gradual upgrade" must be set to "Enabled (Block all redirections)".

Procedure: Use the Windows Registry Editor to navigate to the following key: 

HKCU\Software\Policies\Microsoft\Office\15.0\InfoPath\security

Criteria: If the value GradualUpgradeRedirection is REG_DWORD = 2, this is not a finding.</check-content></check></Rule></Group><Group id="V-242485"><title>SRG-APP-000210</title><description>&lt;GroupDescription&gt;&lt;/GroupDescription&gt;</description><Rule id="SV-242485r961092_rule" weight="10.0" severity="medium"><version>DTOO158</version><title>Disabling the opening of solutions from the Internet Security Zone must be configured.</title><description>&lt;VulnDiscussion&gt;Attackers could use InfoPath solutions published to Internet Web sites to try to obtain sensitive information from users. By default, users can open InfoPath solutions that do not contain managed code from sources located in the Internet security zone as defined in the Internet Options dialog box in Internet Explorer.&lt;/VulnDiscussion&gt;&lt;FalsePositives&gt;&lt;/FalsePositives&gt;&lt;FalseNegatives&gt;&lt;/FalseNegatives&gt;&lt;Documentable&gt;false&lt;/Documentable&gt;&lt;Mitigations&gt;&lt;/Mitigations&gt;&lt;SeverityOverrideGuidance&gt;&lt;/SeverityOverrideGuidance&gt;&lt;PotentialImpacts&gt;&lt;/PotentialImpacts&gt;&lt;ThirdPartyTools&gt;&lt;/ThirdPartyTools&gt;&lt;MitigationControl&gt;&lt;/MitigationControl&gt;&lt;Responsibility&gt;&lt;/Responsibility&gt;&lt;IAControls&gt;&lt;/IAControls&gt;</description><reference><dc:title>DPMS Target Microsoft InfoPath 2013</dc:title><dc:publisher>DISA</dc:publisher><dc:type>DPMS Target</dc:type><dc:subject>Microsoft InfoPath 2013</dc:subject><dc:identifier>5378</dc:identifier></reference><ident system="http://cyber.mil/legacy">V-17655</ident><ident system="http://cyber.mil/legacy">SV-53383</ident><ident system="http://cyber.mil/cci">CCI-001170</ident><fixtext fixref="F-45717r713130_fix">Set the policy value for User Configuration -&gt; Administrative Templates -&gt; Microsoft InfoPath 2013 -&gt; Security -&gt; "Disable opening of solutions from the Internet security zone" to "Enabled".</fixtext><fix id="F-45717r713130_fix" /><check system="C-45760r713129_chk"><check-content-ref href="Microsoft_InfoPath_2013_STIG.xml" name="M" /><check-content>The policy value for User Configuration -&gt; Administrative Templates -&gt; Microsoft InfoPath 2013 -&gt; Security -&gt; "Disable opening of solutions from the Internet security zone" must be set to "Enabled".

Procedure: Use the Windows Registry Editor to navigate to the following key: 

HKCU\Software\Policies\Microsoft\Office\15.0\InfoPath\security

Criteria: If the value AllowInternetSolutions is REG_DWORD = 0, this is not a finding.</check-content></check></Rule></Group><Group id="V-242486"><title>SRG-APP-000131</title><description>&lt;GroupDescription&gt;&lt;/GroupDescription&gt;</description><Rule id="SV-242486r960954_rule" weight="10.0" severity="medium"><version>DTOO159</version><title>Disabling of Fully Trusted Solutions access to computers must be configured.</title><description>&lt;VulnDiscussion&gt;InfoPath users can choose whether to allow trusted forms to run on their computers. The Full Trust security level allows a form to access local system resources, such as COM components or files on users' computers, and suppresses certain security prompts. It can only be used with forms that are installed on users' computers or with forms using a form template that is digitally signed with a trusted root certificate.
As with any security model that allows trusted entities to operate with fewer security controls, if a form with malicious content is marked as fully trusted it could be used to compromise information security or affect users' computers.&lt;/VulnDiscussion&gt;&lt;FalsePositives&gt;&lt;/FalsePositives&gt;&lt;FalseNegatives&gt;&lt;/FalseNegatives&gt;&lt;Documentable&gt;false&lt;/Documentable&gt;&lt;Mitigations&gt;&lt;/Mitigations&gt;&lt;SeverityOverrideGuidance&gt;&lt;/SeverityOverrideGuidance&gt;&lt;PotentialImpacts&gt;&lt;/PotentialImpacts&gt;&lt;ThirdPartyTools&gt;&lt;/ThirdPartyTools&gt;&lt;MitigationControl&gt;&lt;/MitigationControl&gt;&lt;Responsibility&gt;&lt;/Responsibility&gt;&lt;IAControls&gt;&lt;/IAControls&gt;</description><reference><dc:title>DPMS Target Microsoft InfoPath 2013</dc:title><dc:publisher>DISA</dc:publisher><dc:type>DPMS Target</dc:type><dc:subject>Microsoft InfoPath 2013</dc:subject><dc:identifier>5378</dc:identifier></reference><ident system="http://cyber.mil/legacy">V-17656</ident><ident system="http://cyber.mil/legacy">SV-53382</ident><ident system="http://cyber.mil/cci">CCI-001749</ident><fixtext fixref="F-45718r713133_fix">Set the policy value for User Configuration -&gt; Administrative Templates -&gt; Microsoft InfoPath 2013 -&gt; Security -&gt; "Disable fully trusted solutions full access to computer" to "Enabled".</fixtext><fix id="F-45718r713133_fix" /><check system="C-45761r713132_chk"><check-content-ref href="Microsoft_InfoPath_2013_STIG.xml" name="M" /><check-content>The policy value for User Configuration -&gt; Administrative Templates -&gt; Microsoft InfoPath 2013 -&gt; Security -&gt; "Disable fully trusted solutions full access to computer" must be set to "Enabled".

Procedure: Use the Windows Registry Editor to navigate to the following key:

HKCU\Software\Policies\Microsoft\Office\15.0\InfoPath\security

Criteria: If the value RunFullTrustSolutions is REG_DWORD = 0, this is not a finding.</check-content></check></Rule></Group><Group id="V-242487"><title>SRG-APP-000210</title><description>&lt;GroupDescription&gt;&lt;/GroupDescription&gt;</description><Rule id="SV-242487r961092_rule" weight="10.0" severity="medium"><version>DTOO160</version><title>Unsafe file types must be prevented from being attached to InfoPath forms.</title><description>&lt;VulnDiscussion&gt;Users can attach any type of file to forms except potentially unsafe files that might contain viruses, such as .bat or .exe files. For the full list of file types that InfoPath disallows by default, see "Security Details" in Insert a file attachment control on the Microsoft Office Online website.
If unsafe file types are added to InfoPath forms, they might be used as a means of attacking the computer on which the form is opened. These unsafe file types may include active content, or may introduce other vulnerabilities that an attacker can exploit.&lt;/VulnDiscussion&gt;&lt;FalsePositives&gt;&lt;/FalsePositives&gt;&lt;FalseNegatives&gt;&lt;/FalseNegatives&gt;&lt;Documentable&gt;false&lt;/Documentable&gt;&lt;Mitigations&gt;&lt;/Mitigations&gt;&lt;SeverityOverrideGuidance&gt;&lt;/SeverityOverrideGuidance&gt;&lt;PotentialImpacts&gt;&lt;/PotentialImpacts&gt;&lt;ThirdPartyTools&gt;&lt;/ThirdPartyTools&gt;&lt;MitigationControl&gt;&lt;/MitigationControl&gt;&lt;Responsibility&gt;&lt;/Responsibility&gt;&lt;IAControls&gt;&lt;/IAControls&gt;</description><reference><dc:title>DPMS Target Microsoft InfoPath 2013</dc:title><dc:publisher>DISA</dc:publisher><dc:type>DPMS Target</dc:type><dc:subject>Microsoft InfoPath 2013</dc:subject><dc:identifier>5378</dc:identifier></reference><ident system="http://cyber.mil/legacy">V-17657</ident><ident system="http://cyber.mil/legacy">SV-53381</ident><ident system="http://cyber.mil/cci">CCI-001170</ident><fixtext fixref="F-45719r713136_fix">Set the policy value for User Configuration -&gt; Administrative Templates -&gt; Microsoft InfoPath 2013 -&gt; Security -&gt; "Prevent users from allowing unsafe file types to be attached to forms" to "Enabled".</fixtext><fix id="F-45719r713136_fix" /><check system="C-45762r713135_chk"><check-content-ref href="Microsoft_InfoPath_2013_STIG.xml" name="M" /><check-content>The policy value for User Configuration -&gt; Administrative Templates -&gt; Microsoft InfoPath 2013 -&gt; Security -&gt; "Prevent users from allowing unsafe file types to be attached to forms" must be set to "Enabled".

Procedure: Use the Windows Registry Editor to navigate to the following key:

HKCU\Software\Policies\Microsoft\Office\15.0\InfoPath\security

Criteria: If the value DisallowAttachmentCustomization is REG_DWORD = 1, this is not a finding.</check-content></check></Rule></Group><Group id="V-242488"><title>SRG-APP-000488</title><description>&lt;GroupDescription&gt;&lt;/GroupDescription&gt;</description><Rule id="SV-242488r961779_rule" weight="10.0" severity="medium"><version>DTOO164</version><title>Beaconing UI shown for opened forms must be configured.</title><description>&lt;VulnDiscussion&gt;Malicious users can create InfoPath forms with embedded Web beacons that can be used to contact an external server when the user opens the form. Information could be gathered by the form, or information entered by users could be sent to an external server and cause them to be vulnerable to additional attacks. By default, InfoPath warns users about potential Web beaconing threats.&lt;/VulnDiscussion&gt;&lt;FalsePositives&gt;&lt;/FalsePositives&gt;&lt;FalseNegatives&gt;&lt;/FalseNegatives&gt;&lt;Documentable&gt;false&lt;/Documentable&gt;&lt;Mitigations&gt;&lt;/Mitigations&gt;&lt;SeverityOverrideGuidance&gt;&lt;/SeverityOverrideGuidance&gt;&lt;PotentialImpacts&gt;&lt;/PotentialImpacts&gt;&lt;ThirdPartyTools&gt;&lt;/ThirdPartyTools&gt;&lt;MitigationControl&gt;&lt;/MitigationControl&gt;&lt;Responsibility&gt;&lt;/Responsibility&gt;&lt;IAControls&gt;&lt;/IAControls&gt;</description><reference><dc:title>DPMS Target Microsoft InfoPath 2013</dc:title><dc:publisher>DISA</dc:publisher><dc:type>DPMS Target</dc:type><dc:subject>Microsoft InfoPath 2013</dc:subject><dc:identifier>5378</dc:identifier></reference><ident system="http://cyber.mil/legacy">V-17663</ident><ident system="http://cyber.mil/legacy">SV-53340</ident><ident system="http://cyber.mil/cci">CCI-002460</ident><fixtext fixref="F-45720r713139_fix">Set the policy value for User Configuration -&gt; Administrative Templates -&gt; Microsoft InfoPath 2013 -&gt; Security -&gt; "Beaconing UI for forms opened in InfoPath" to "Enabled (Always show beaconing UI)".</fixtext><fix id="F-45720r713139_fix" /><check system="C-45763r713138_chk"><check-content-ref href="Microsoft_InfoPath_2013_STIG.xml" name="M" /><check-content>The policy value for User Configuration -&gt; Administrative Templates -&gt; Microsoft InfoPath 2013 -&gt; Security -&gt; "Beaconing UI for forms opened in InfoPath" must be set to "Enabled (Always show beaconing UI)".

Procedure: Use the Windows Registry Editor to navigate to the following key:

HKCU\Software\Policies\Microsoft\Office\15.0\InfoPath\security

Criteria: If the value InfoPathBeaconingUI is REG_DWORD = 1, this is not a finding.</check-content></check></Rule></Group><Group id="V-242489"><title>SRG-APP-000488</title><description>&lt;GroupDescription&gt;&lt;/GroupDescription&gt;</description><Rule id="SV-242489r961779_rule" weight="10.0" severity="medium"><version>DTOO165</version><title>Beaconing of UI forms  with ActiveX controls must be enforced.</title><description>&lt;VulnDiscussion&gt;InfoPath makes it possible to host InfoPath forms in other applications as ActiveX controls. Such controls are known as InfoPath form controls. A malicious user could insert a web beacon into one of these controls which could be used to contact an external server when the user opens the form. Information could be gathered by the form, or information entered by users could be sent to an external server and expose the internal systems to additional attacks. By default, InfoPath form controls warn users about potential web beaconing threats.&lt;/VulnDiscussion&gt;&lt;FalsePositives&gt;&lt;/FalsePositives&gt;&lt;FalseNegatives&gt;&lt;/FalseNegatives&gt;&lt;Documentable&gt;false&lt;/Documentable&gt;&lt;Mitigations&gt;&lt;/Mitigations&gt;&lt;SeverityOverrideGuidance&gt;&lt;/SeverityOverrideGuidance&gt;&lt;PotentialImpacts&gt;&lt;/PotentialImpacts&gt;&lt;ThirdPartyTools&gt;&lt;/ThirdPartyTools&gt;&lt;MitigationControl&gt;&lt;/MitigationControl&gt;&lt;Responsibility&gt;&lt;/Responsibility&gt;&lt;IAControls&gt;&lt;/IAControls&gt;</description><reference><dc:title>DPMS Target Microsoft InfoPath 2013</dc:title><dc:publisher>DISA</dc:publisher><dc:type>DPMS Target</dc:type><dc:subject>Microsoft InfoPath 2013</dc:subject><dc:identifier>5378</dc:identifier></reference><ident system="http://cyber.mil/legacy">V-17667</ident><ident system="http://cyber.mil/legacy">SV-53366</ident><ident system="http://cyber.mil/cci">CCI-002460</ident><fixtext fixref="F-45721r713142_fix">Set the policy value for User Configuration -&gt; Administrative Templates -&gt; Microsoft InfoPath 2013 -&gt; Security -&gt; "Beaconing UI for forms opened in InfoPath Filler ActiveX" to "Enabled (Always show beaconing UI)".</fixtext><fix id="F-45721r713142_fix" /><check system="C-45764r713141_chk"><check-content-ref href="Microsoft_InfoPath_2013_STIG.xml" name="M" /><check-content>The policy value for User Configuration -&gt; Administrative Templates -&gt; Microsoft InfoPath 2013 -&gt; Security -&gt; "Beaconing UI for forms opened in InfoPath Filler ActiveX" must be set to "Enabled (Always show beaconing UI)".

Procedure: Use the Windows Registry Editor to navigate to the following key:

HKCU\Software\Policies\Microsoft\Office\15.0\InfoPath\security

Criteria: If the value EditorActiveXBeaconingUI is REG_DWORD = 1, this is not a finding.</check-content></check></Rule></Group><Group id="V-242490"><title>SRG-APP-000488</title><description>&lt;GroupDescription&gt;&lt;/GroupDescription&gt;</description><Rule id="SV-242490r961779_rule" weight="10.0" severity="medium"><version>DTOO167</version><title>Opening behavior for Email forms containing code or scripts must be controlled.</title><description>&lt;VulnDiscussion&gt;InfoPath notifies and prompts users before opening InfoPath email forms that contain code or script. If this restriction is relaxed, InfoPath will open email forms that contain code or script without prompting users, which could allow malicious code to run on the users' computers.&lt;/VulnDiscussion&gt;&lt;FalsePositives&gt;&lt;/FalsePositives&gt;&lt;FalseNegatives&gt;&lt;/FalseNegatives&gt;&lt;Documentable&gt;false&lt;/Documentable&gt;&lt;Mitigations&gt;&lt;/Mitigations&gt;&lt;SeverityOverrideGuidance&gt;&lt;/SeverityOverrideGuidance&gt;&lt;PotentialImpacts&gt;&lt;/PotentialImpacts&gt;&lt;ThirdPartyTools&gt;&lt;/ThirdPartyTools&gt;&lt;MitigationControl&gt;&lt;/MitigationControl&gt;&lt;Responsibility&gt;&lt;/Responsibility&gt;&lt;IAControls&gt;&lt;/IAControls&gt;</description><reference><dc:title>DPMS Target Microsoft InfoPath 2013</dc:title><dc:publisher>DISA</dc:publisher><dc:type>DPMS Target</dc:type><dc:subject>Microsoft InfoPath 2013</dc:subject><dc:identifier>5378</dc:identifier></reference><ident system="http://cyber.mil/legacy">V-17668</ident><ident system="http://cyber.mil/legacy">SV-53379</ident><ident system="http://cyber.mil/cci">CCI-002460</ident><fixtext fixref="F-45722r713145_fix">Set the policy value for User Configuration -&gt; Administrative Templates -&gt; Microsoft InfoPath 2013 -&gt; InfoPath e-mail forms "Control behavior when opening InfoPath e-mail forms containing code or script" to "Enabled (Prompt before running)".</fixtext><fix id="F-45722r713145_fix" /><check system="C-45765r713144_chk"><check-content-ref href="Microsoft_InfoPath_2013_STIG.xml" name="M" /><check-content>The policy value for User Configuration -&gt; Administrative Templates -&gt; Microsoft InfoPath 2013 -&gt; InfoPath e-mail forms "Control behavior when opening InfoPath e-mail forms containing code or script" must be set to "Enabled (Prompt before running)".

Procedure: Use the Windows Registry Editor to navigate to the following key:

HKCU\Software\Policies\Microsoft\Office\15.0\InfoPath\security

Criteria: If the value EMailFormsRunCodeAndScript is REG_DWORD = 1, this is not a finding.</check-content></check></Rule></Group><Group id="V-242491"><title>SRG-APP-000210</title><description>&lt;GroupDescription&gt;&lt;/GroupDescription&gt;</description><Rule id="SV-242491r961092_rule" weight="10.0" severity="medium"><version>DTOO168</version><title>Disabling sending form templates with the email forms must be configured.</title><description>&lt;VulnDiscussion&gt;InfoPath allows users to attach form templates when sending email forms. If users are able to open form templates included with email forms, rather than using a cached version that is previously published, an attacker could send a malicious form template with the email form in an attempt to gain access to sensitive information.
Note: The form template is only opened directly if the form opens with a restricted security level. Otherwise, the attachment is actually a link to the published location.&lt;/VulnDiscussion&gt;&lt;FalsePositives&gt;&lt;/FalsePositives&gt;&lt;FalseNegatives&gt;&lt;/FalseNegatives&gt;&lt;Documentable&gt;false&lt;/Documentable&gt;&lt;Mitigations&gt;&lt;/Mitigations&gt;&lt;SeverityOverrideGuidance&gt;&lt;/SeverityOverrideGuidance&gt;&lt;PotentialImpacts&gt;&lt;/PotentialImpacts&gt;&lt;ThirdPartyTools&gt;&lt;/ThirdPartyTools&gt;&lt;MitigationControl&gt;&lt;/MitigationControl&gt;&lt;Responsibility&gt;&lt;/Responsibility&gt;&lt;IAControls&gt;&lt;/IAControls&gt;</description><reference><dc:title>DPMS Target Microsoft InfoPath 2013</dc:title><dc:publisher>DISA</dc:publisher><dc:type>DPMS Target</dc:type><dc:subject>Microsoft InfoPath 2013</dc:subject><dc:identifier>5378</dc:identifier></reference><ident system="http://cyber.mil/legacy">V-17764</ident><ident system="http://cyber.mil/legacy">SV-53355</ident><ident system="http://cyber.mil/cci">CCI-001170</ident><fixtext fixref="F-45723r713148_fix">Set the policy value for User Configuration -&gt; Administrative Templates -&gt; Microsoft InfoPath 2013 -&gt; InfoPath e-mail forms "Disable sending form template with e-mail forms" to "Enabled".</fixtext><fix id="F-45723r713148_fix" /><check system="C-45766r713147_chk"><check-content-ref href="Microsoft_InfoPath_2013_STIG.xml" name="M" /><check-content>The policy value for User Configuration -&gt; Administrative Templates -&gt; Microsoft InfoPath 2013 -&gt; InfoPath e-mail forms "Disable sending form template with e-mail forms" must be set to "Enabled".

Procedure: Use the Windows Registry Editor to navigate to the following key:

HKCU\Software\Policies\Microsoft\Office\15.0\InfoPath\deployment

Criteria: If the value MailXSNwithXML is REG_DWORD = 0, this is not a finding.</check-content></check></Rule></Group><Group id="V-242492"><title>SRG-APP-000210</title><description>&lt;GroupDescription&gt;&lt;/GroupDescription&gt;</description><Rule id="SV-242492r961092_rule" weight="10.0" severity="medium"><version>DTOO169</version><title>Disable dynamic caching of the form template in InfoPath eMail forms.  </title><description>&lt;VulnDiscussion&gt;By default, InfoPath 2007 caches form templates when they are attached to a mail item that is recognized as an InfoPath e-mail form. When users fill out forms that open with a restricted security level, InfoPath uses the cached version of the mailed template, rather than any published version.
To circumvent users filling out a published form, an attacker could e-mail an alternate version of the form, which would return the data to the sender as part of a phishing attack and could be used to gain access to confidential information.&lt;/VulnDiscussion&gt;&lt;FalsePositives&gt;&lt;/FalsePositives&gt;&lt;FalseNegatives&gt;&lt;/FalseNegatives&gt;&lt;Documentable&gt;false&lt;/Documentable&gt;&lt;Mitigations&gt;&lt;/Mitigations&gt;&lt;SeverityOverrideGuidance&gt;&lt;/SeverityOverrideGuidance&gt;&lt;PotentialImpacts&gt;&lt;/PotentialImpacts&gt;&lt;ThirdPartyTools&gt;&lt;/ThirdPartyTools&gt;&lt;MitigationControl&gt;&lt;/MitigationControl&gt;&lt;Responsibility&gt;&lt;/Responsibility&gt;&lt;IAControls&gt;&lt;/IAControls&gt;</description><reference><dc:title>DPMS Target Microsoft InfoPath 2013</dc:title><dc:publisher>DISA</dc:publisher><dc:type>DPMS Target</dc:type><dc:subject>Microsoft InfoPath 2013</dc:subject><dc:identifier>5378</dc:identifier></reference><ident system="http://cyber.mil/legacy">V-26618</ident><ident system="http://cyber.mil/legacy">SV-53385</ident><ident system="http://cyber.mil/cci">CCI-001170</ident><fixtext fixref="F-45724r713151_fix">Set the policy value for User Configuration -&gt; Administrative Templates -&gt; Microsoft InfoPath 2013 -&gt; InfoPath e-mail forms "Disable dynamic caching of the form template in InfoPath e-mail forms" to "Enabled".</fixtext><fix id="F-45724r713151_fix" /><check system="C-45767r713150_chk"><check-content-ref href="Microsoft_InfoPath_2013_STIG.xml" name="M" /><check-content>The policy value for User Configuration -&gt; Administrative Templates -&gt; Microsoft InfoPath 2013 -&gt; InfoPath e-mail forms "Disable dynamic caching of the form template in InfoPath e-mail forms" must be set to "Enabled".

Procedure: Use the Windows Registry Editor to navigate to the following key:

HKCU\Software\Policies\Microsoft\Office\15.0\InfoPath\deployment

Criteria: If the value CacheMailXSN is REG_DWORD = 0, this is not a finding.</check-content></check></Rule></Group><Group id="V-242493"><title>SRG-APP-000210</title><description>&lt;GroupDescription&gt;&lt;/GroupDescription&gt;</description><Rule id="SV-242493r961092_rule" weight="10.0" severity="medium"><version>DTOO170</version><title>InfoPath 2003 forms as email forms in InfoPath 2013 must be disallowed.</title><description>&lt;VulnDiscussion&gt;An attacker might target InfoPath 2003 forms to try and compromise an organization's security. InfoPath 2003 did not write a published location for email forms, which means forms could open without a corresponding published location.
By default, InfoPath sends all forms via email using InfoPath email forms integration, including forms created using the InfoPath 2003 file format.&lt;/VulnDiscussion&gt;&lt;FalsePositives&gt;&lt;/FalsePositives&gt;&lt;FalseNegatives&gt;&lt;/FalseNegatives&gt;&lt;Documentable&gt;false&lt;/Documentable&gt;&lt;Mitigations&gt;&lt;/Mitigations&gt;&lt;SeverityOverrideGuidance&gt;&lt;/SeverityOverrideGuidance&gt;&lt;PotentialImpacts&gt;&lt;/PotentialImpacts&gt;&lt;ThirdPartyTools&gt;&lt;/ThirdPartyTools&gt;&lt;MitigationControl&gt;&lt;/MitigationControl&gt;&lt;Responsibility&gt;&lt;/Responsibility&gt;&lt;IAControls&gt;&lt;/IAControls&gt;</description><reference><dc:title>DPMS Target Microsoft InfoPath 2013</dc:title><dc:publisher>DISA</dc:publisher><dc:type>DPMS Target</dc:type><dc:subject>Microsoft InfoPath 2013</dc:subject><dc:identifier>5378</dc:identifier></reference><ident system="http://cyber.mil/legacy">V-26619</ident><ident system="http://cyber.mil/legacy">SV-53389</ident><ident system="http://cyber.mil/cci">CCI-001170</ident><fixtext fixref="F-45725r713154_fix">Set the policy value for User Configuration -&gt; Administrative Templates -&gt; Microsoft InfoPath 2013 -&gt; InfoPath e-mail forms "Disable sending InfoPath 2003 Forms as e-mail forms" to "Enabled".</fixtext><fix id="F-45725r713154_fix" /><check system="C-45768r713153_chk"><check-content-ref href="Microsoft_InfoPath_2013_STIG.xml" name="M" /><check-content>The policy value for User Configuration -&gt; Administrative Templates -&gt; Microsoft InfoPath 2013 -&gt; InfoPath e-mail forms "Disable sending InfoPath 2003 Forms as e-mail forms" must be set to "Enabled".

Procedure: Use the Windows Registry Editor to navigate to the following key:

HKCU\Software\Policies\Microsoft\Office\15.0\InfoPath

Criteria: If the value DisableInfoPath2003EmailForms is REG_DWORD = 1, this is not a finding.</check-content></check></Rule></Group><Group id="V-242494"><title>SRG-APP-000210</title><description>&lt;GroupDescription&gt;&lt;/GroupDescription&gt;</description><Rule id="SV-242494r961092_rule" weight="10.0" severity="medium"><version>DTOO171</version><title>Disabling email forms running in Restricted Security Level must be configured.</title><description>&lt;VulnDiscussion&gt;InfoPath forms running with the restricted security level, can only access data stored on the forms. However, a malicious user could still send an email form running with the restricted security level, in an attempt to access sensitive information provided by users.
By default InfoPath email forms running with the restricted security level can be opened.&lt;/VulnDiscussion&gt;&lt;FalsePositives&gt;&lt;/FalsePositives&gt;&lt;FalseNegatives&gt;&lt;/FalseNegatives&gt;&lt;Documentable&gt;false&lt;/Documentable&gt;&lt;Mitigations&gt;&lt;/Mitigations&gt;&lt;SeverityOverrideGuidance&gt;&lt;/SeverityOverrideGuidance&gt;&lt;PotentialImpacts&gt;&lt;/PotentialImpacts&gt;&lt;ThirdPartyTools&gt;&lt;/ThirdPartyTools&gt;&lt;MitigationControl&gt;&lt;/MitigationControl&gt;&lt;Responsibility&gt;&lt;/Responsibility&gt;&lt;IAControls&gt;&lt;/IAControls&gt;</description><reference><dc:title>DPMS Target Microsoft InfoPath 2013</dc:title><dc:publisher>DISA</dc:publisher><dc:type>DPMS Target</dc:type><dc:subject>Microsoft InfoPath 2013</dc:subject><dc:identifier>5378</dc:identifier></reference><ident system="http://cyber.mil/legacy">V-26620</ident><ident system="http://cyber.mil/legacy">SV-53392</ident><ident system="http://cyber.mil/cci">CCI-001170</ident><fixtext fixref="F-45726r713157_fix">Set the policy value for User Configuration -&gt; Administrative Templates -&gt; Microsoft InfoPath 2013 -&gt; InfoPath e-mail forms "Disable e-mail forms running in restricted security level" to "Enabled".</fixtext><fix id="F-45726r713157_fix" /><check system="C-45769r713156_chk"><check-content-ref href="Microsoft_InfoPath_2013_STIG.xml" name="M" /><check-content>The policy value for User Configuration -&gt; Administrative Templates -&gt; Microsoft InfoPath 2013 -&gt; InfoPath e-mail forms "Disable e-mail forms running in restricted security level" must be set to "Enabled".

Procedure: Use the Windows Registry Editor to navigate to the following key:

HKCU\Software\Policies\Microsoft\Office\15.0\InfoPath\security

Criteria: If the value EnableRestrictedEMailForms is REG_DWORD = 0, this is not a finding.</check-content></check></Rule></Group><Group id="V-242495"><title>SRG-APP-000210</title><description>&lt;GroupDescription&gt;&lt;/GroupDescription&gt;</description><Rule id="SV-242495r961092_rule" weight="10.0" severity="medium"><version>DTOO172</version><title>Disabling email forms from the Internet Security Zone must be configured.</title><description>&lt;VulnDiscussion&gt;InfoPath email forms can be designed by an external attacker and sent over the Internet as part of a phishing attempt. Users might fill out such forms and provide sensitive information to the attacker.
By default, forms that originate from the Internet can be opened, although those forms cannot access content stored in a different domain.&lt;/VulnDiscussion&gt;&lt;FalsePositives&gt;&lt;/FalsePositives&gt;&lt;FalseNegatives&gt;&lt;/FalseNegatives&gt;&lt;Documentable&gt;false&lt;/Documentable&gt;&lt;Mitigations&gt;&lt;/Mitigations&gt;&lt;SeverityOverrideGuidance&gt;&lt;/SeverityOverrideGuidance&gt;&lt;PotentialImpacts&gt;&lt;/PotentialImpacts&gt;&lt;ThirdPartyTools&gt;&lt;/ThirdPartyTools&gt;&lt;MitigationControl&gt;&lt;/MitigationControl&gt;&lt;Responsibility&gt;&lt;/Responsibility&gt;&lt;IAControls&gt;&lt;/IAControls&gt;</description><reference><dc:title>DPMS Target Microsoft InfoPath 2013</dc:title><dc:publisher>DISA</dc:publisher><dc:type>DPMS Target</dc:type><dc:subject>Microsoft InfoPath 2013</dc:subject><dc:identifier>5378</dc:identifier></reference><ident system="http://cyber.mil/legacy">V-17576</ident><ident system="http://cyber.mil/legacy">SV-53337</ident><ident system="http://cyber.mil/cci">CCI-001170</ident><fixtext fixref="F-45727r713160_fix">Set the policy value for User Configuration -&gt; Administrative Templates -&gt; Microsoft InfoPath 2013 -&gt; InfoPath e-mail forms "Disable e-mail forms from the Internet security zone" to "Enabled".</fixtext><fix id="F-45727r713160_fix" /><check system="C-45770r713159_chk"><check-content-ref href="Microsoft_InfoPath_2013_STIG.xml" name="M" /><check-content>The policy value for User Configuration -&gt; Administrative Templates -&gt; Microsoft InfoPath 2013 -&gt; InfoPath e-mail forms "Disable e-mail forms from the Internet security zone" must be set to "Enabled".

Procedure: Use the Windows Registry Editor to navigate to the following key:

HKCU\Software\Policies\Microsoft\Office\15.0\InfoPath\security

Criteria: If the value EnableInternetEMailForms is REG_DWORD = 0, this is not a finding.</check-content></check></Rule></Group><Group id="V-242496"><title>SRG-APP-000210</title><description>&lt;GroupDescription&gt;&lt;/GroupDescription&gt;</description><Rule id="SV-242496r961092_rule" weight="10.0" severity="medium"><version>DTOO173</version><title>Disabling of email forms from the Full Trust Security Zone must be configured.</title><description>&lt;VulnDiscussion&gt;InfoPath provides three security levels for form templates: Restricted, Domain, and Full Trust. The security levels determine whether a form template can access data on other domains, or access files and settings on your computer. Fully trusted forms have a Full Trust security level, and can access files and settings on users' computers. The form template for these forms must be digitally signed with a trusted root certificate, or installed on users' computers.
By default, InfoPath can open email forms with full trust. If an attacker designs and sends a dangerous fully trusted email form, it could affect users' computers or give the attacker access to sensitive information.&lt;/VulnDiscussion&gt;&lt;FalsePositives&gt;&lt;/FalsePositives&gt;&lt;FalseNegatives&gt;&lt;/FalseNegatives&gt;&lt;Documentable&gt;false&lt;/Documentable&gt;&lt;Mitigations&gt;&lt;/Mitigations&gt;&lt;SeverityOverrideGuidance&gt;&lt;/SeverityOverrideGuidance&gt;&lt;PotentialImpacts&gt;&lt;/PotentialImpacts&gt;&lt;ThirdPartyTools&gt;&lt;/ThirdPartyTools&gt;&lt;MitigationControl&gt;&lt;/MitigationControl&gt;&lt;Responsibility&gt;&lt;/Responsibility&gt;&lt;IAControls&gt;&lt;/IAControls&gt;</description><reference><dc:title>DPMS Target Microsoft InfoPath 2013</dc:title><dc:publisher>DISA</dc:publisher><dc:type>DPMS Target</dc:type><dc:subject>Microsoft InfoPath 2013</dc:subject><dc:identifier>5378</dc:identifier></reference><ident system="http://cyber.mil/legacy">V-17187</ident><ident system="http://cyber.mil/legacy">SV-53331</ident><ident system="http://cyber.mil/cci">CCI-001170</ident><fixtext fixref="F-45728r713163_fix">Set the policy value for User Configuration -&gt; Administrative Templates -&gt; Microsoft InfoPath 2013 -&gt; InfoPath e-mail forms "Disable e-mail forms from the Full Trust security zone" to "Enabled".</fixtext><fix id="F-45728r713163_fix" /><check system="C-45771r713162_chk"><check-content-ref href="Microsoft_InfoPath_2013_STIG.xml" name="M" /><check-content>The policy value for User Configuration -&gt; Administrative Templates -&gt; Microsoft InfoPath 2013 -&gt; InfoPath e-mail forms "Disable e-mail forms from the Full Trust security zone" must be set to "Enabled".

Procedure: Use the Windows Registry Editor to navigate to the following key:

HKCU\Software\Policies\Microsoft\Office\15.0\InfoPath\security

Criteria: If the value EnableFullTrustEmailForms is REG_DWORD = 0, this is not a finding.</check-content></check></Rule></Group><Group id="V-242497"><title>SRG-APP-000210</title><description>&lt;GroupDescription&gt;&lt;/GroupDescription&gt;</description><Rule id="SV-242497r961092_rule" weight="10.0" severity="medium"><version>DTOO176</version><title>Email with InfoPath forms must be configured to show UI to recipients.</title><description>&lt;VulnDiscussion&gt;Malicious users could send InfoPath email forms with embedded web beacons that can be used to track when recipients open the form and provide confirmation that recipients' email addresses are valid. Additional information gathered by the form or information entered by users could also be sent to an external server and leave the users vulnerable to additional attacks. By default, InfoPath users are only warned of a beaconing threat if the form originates from the Internet.&lt;/VulnDiscussion&gt;&lt;FalsePositives&gt;&lt;/FalsePositives&gt;&lt;FalseNegatives&gt;&lt;/FalseNegatives&gt;&lt;Documentable&gt;false&lt;/Documentable&gt;&lt;Mitigations&gt;&lt;/Mitigations&gt;&lt;SeverityOverrideGuidance&gt;&lt;/SeverityOverrideGuidance&gt;&lt;PotentialImpacts&gt;&lt;/PotentialImpacts&gt;&lt;ThirdPartyTools&gt;&lt;/ThirdPartyTools&gt;&lt;MitigationControl&gt;&lt;/MitigationControl&gt;&lt;Responsibility&gt;&lt;/Responsibility&gt;&lt;IAControls&gt;&lt;/IAControls&gt;</description><reference><dc:title>DPMS Target Microsoft InfoPath 2013</dc:title><dc:publisher>DISA</dc:publisher><dc:type>DPMS Target</dc:type><dc:subject>Microsoft InfoPath 2013</dc:subject><dc:identifier>5378</dc:identifier></reference><ident system="http://cyber.mil/legacy">V-17658</ident><ident system="http://cyber.mil/legacy">SV-53353</ident><ident system="http://cyber.mil/cci">CCI-001170</ident><fixtext fixref="F-45729r713166_fix">Set the policy value for User Configuration -&gt; Administrative Templates -&gt; Microsoft InfoPath 2013 -&gt; Miscellaneous "Email Forms Beaconing UI" to "Enabled (Always show UI)".</fixtext><fix id="F-45729r713166_fix" /><check system="C-45772r713165_chk"><check-content-ref href="Microsoft_InfoPath_2013_STIG.xml" name="M" /><check-content>The policy value for User Configuration -&gt; Administrative Templates -&gt; Microsoft InfoPath 2013 -&gt; Miscellaneous "Email Forms Beaconing UI" must be set to "Enabled (Always show UI)".

Procedure: Use the Windows Registry Editor to navigate to the following key:

HKCU\Software\Policies\Microsoft\Office\15.0\InfoPath\security

Criteria: If the value EmailFormsBeaconingUI is REG_DWORD = 1, this is not a finding.</check-content></check></Rule></Group><Group id="V-242498"><title>SRG-APP-000210</title><description>&lt;GroupDescription&gt;&lt;/GroupDescription&gt;</description><Rule id="SV-242498r961092_rule" weight="10.0" severity="medium"><version>DTOO294</version><title>InfoPath must be enforced to not use email forms from the Intranet security zone.</title><description>&lt;VulnDiscussion&gt;InfoPath email forms can be designed by an internal attacker and sent over the local intranet, and users might fill out such forms and provide sensitive information to the attacker. By default, forms that originate from the local intranet can be opened.&lt;/VulnDiscussion&gt;&lt;FalsePositives&gt;&lt;/FalsePositives&gt;&lt;FalseNegatives&gt;&lt;/FalseNegatives&gt;&lt;Documentable&gt;false&lt;/Documentable&gt;&lt;Mitigations&gt;&lt;/Mitigations&gt;&lt;SeverityOverrideGuidance&gt;&lt;/SeverityOverrideGuidance&gt;&lt;PotentialImpacts&gt;&lt;/PotentialImpacts&gt;&lt;ThirdPartyTools&gt;&lt;/ThirdPartyTools&gt;&lt;MitigationControl&gt;&lt;/MitigationControl&gt;&lt;Responsibility&gt;&lt;/Responsibility&gt;&lt;IAControls&gt;&lt;/IAControls&gt;</description><reference><dc:title>DPMS Target Microsoft InfoPath 2013</dc:title><dc:publisher>DISA</dc:publisher><dc:type>DPMS Target</dc:type><dc:subject>Microsoft InfoPath 2013</dc:subject><dc:identifier>5378</dc:identifier></reference><ident system="http://cyber.mil/legacy">V-26589</ident><ident system="http://cyber.mil/legacy">SV-53328</ident><ident system="http://cyber.mil/cci">CCI-001170</ident><fixtext fixref="F-45730r713169_fix">Set the policy value for User Configuration -&gt; Administrative Templates -&gt; Microsoft InfoPath 2013 -&gt; InfoPath e-mail forms "Disable e-mail forms from the Intranet security zone" to "Enabled".</fixtext><fix id="F-45730r713169_fix" /><check system="C-45773r713168_chk"><check-content-ref href="Microsoft_InfoPath_2013_STIG.xml" name="M" /><check-content>The policy value for User Configuration -&gt; Administrative Templates -&gt; Microsoft InfoPath 2013 -&gt; InfoPath e-mail forms "Disable e-mail forms from the Intranet security zone" must be set to "Enabled".

Procedure: Use the Windows Registry Editor to navigate to the following key:

HKCU\Software\Policies\Microsoft\Office\15.0\InfoPath\security

Criteria: If the value EnableIntranetEMailForms is REG_DWORD = 0, this is not a finding.</check-content></check></Rule></Group><Group id="V-242499"><title>SRG-APP-000210</title><description>&lt;GroupDescription&gt;&lt;/GroupDescription&gt;</description><Rule id="SV-242499r961092_rule" weight="10.0" severity="medium"><version>DTOO295</version><title>InfoPath email forms in Outlook must be disallowed.</title><description>&lt;VulnDiscussion&gt;Attackers can send users InfoPath email forms in an attempt to gain access to confidential information. Depending on the level of trust of the forms, it might also be possible to gain access to other data automatically. By default, Outlook 2013 uses the InfoPath email forms feature to render forms in Outlook and allows users to fill them out in place.&lt;/VulnDiscussion&gt;&lt;FalsePositives&gt;&lt;/FalsePositives&gt;&lt;FalseNegatives&gt;&lt;/FalseNegatives&gt;&lt;Documentable&gt;false&lt;/Documentable&gt;&lt;Mitigations&gt;&lt;/Mitigations&gt;&lt;SeverityOverrideGuidance&gt;&lt;/SeverityOverrideGuidance&gt;&lt;PotentialImpacts&gt;&lt;/PotentialImpacts&gt;&lt;ThirdPartyTools&gt;&lt;/ThirdPartyTools&gt;&lt;MitigationControl&gt;&lt;/MitigationControl&gt;&lt;Responsibility&gt;&lt;/Responsibility&gt;&lt;IAControls&gt;&lt;/IAControls&gt;</description><reference><dc:title>DPMS Target Microsoft InfoPath 2013</dc:title><dc:publisher>DISA</dc:publisher><dc:type>DPMS Target</dc:type><dc:subject>Microsoft InfoPath 2013</dc:subject><dc:identifier>5378</dc:identifier></reference><ident system="http://cyber.mil/legacy">V-26621</ident><ident system="http://cyber.mil/legacy">SV-53432</ident><ident system="http://cyber.mil/cci">CCI-001170</ident><fixtext fixref="F-45731r713172_fix">Set the policy value for User Configuration -&gt; Administrative Templates -&gt; Microsoft InfoPath 2013 -&gt; InfoPath e-mail forms "Disable InfoPath e-mail forms in Outlook" to "Enabled".</fixtext><fix id="F-45731r713172_fix" /><check system="C-45774r713171_chk"><check-content-ref href="Microsoft_InfoPath_2013_STIG.xml" name="M" /><check-content>The policy value for User Configuration -&gt; Administrative Templates -&gt; Microsoft InfoPath 2013 -&gt; InfoPath e-mail forms "Disable InfoPath e-mail forms in Outlook" must be set to "Enabled".

Procedure: Use the Windows Registry Editor to navigate to the following key:

HKCU\Software\Policies\Microsoft\Office\15.0\outlook\options\mail

Criteria: If the value DisableInfopathForms is REG_DWORD = 1, this is not a finding.</check-content></check></Rule></Group><Group id="V-242500"><title>SRG-APP-000210</title><description>&lt;GroupDescription&gt;&lt;/GroupDescription&gt;</description><Rule id="SV-242500r961092_rule" weight="10.0" severity="medium"><version>DTOO296</version><title>Disabling opening forms with managed code from the Internet security zone must be configured.</title><description>&lt;VulnDiscussion&gt;When InfoPath solutions are opened locally, the location of the form is checked so that updates to the form can be downloaded. If a user saves a form locally from a location on the Internet and then opens the same form from another location on the Internet, the cache will be updated with the new location information. If the user then opens the first form from its saved location, there will be a mismatch between the locally saved form and the locally cached form. This situation would typically happen when developers move forms to a new location, but if there is no warning when the cached location is used, it could be misused by an attacker attempting to redirect the forms to a new location. This type of attack is a form of beaconing. By default, if the location information in the cached form and the saved form to not match, the form cannot be opened without prompting the user for consent.&lt;/VulnDiscussion&gt;&lt;FalsePositives&gt;&lt;/FalsePositives&gt;&lt;FalseNegatives&gt;&lt;/FalseNegatives&gt;&lt;Documentable&gt;false&lt;/Documentable&gt;&lt;Mitigations&gt;&lt;/Mitigations&gt;&lt;SeverityOverrideGuidance&gt;&lt;/SeverityOverrideGuidance&gt;&lt;PotentialImpacts&gt;&lt;/PotentialImpacts&gt;&lt;ThirdPartyTools&gt;&lt;/ThirdPartyTools&gt;&lt;MitigationControl&gt;&lt;/MitigationControl&gt;&lt;Responsibility&gt;&lt;/Responsibility&gt;&lt;IAControls&gt;&lt;/IAControls&gt;</description><reference><dc:title>DPMS Target Microsoft InfoPath 2013</dc:title><dc:publisher>DISA</dc:publisher><dc:type>DPMS Target</dc:type><dc:subject>Microsoft InfoPath 2013</dc:subject><dc:identifier>5378</dc:identifier></reference><ident system="http://cyber.mil/legacy">V-17580</ident><ident system="http://cyber.mil/legacy">SV-53362</ident><ident system="http://cyber.mil/cci">CCI-001170</ident><fixtext fixref="F-45732r713175_fix">Set the policy value for User Configuration -&gt; Administrative Templates -&gt; Microsoft InfoPath 2013 -&gt; Security "Disable opening forms with managed code from the Internet security zone" to "Enabled".</fixtext><fix id="F-45732r713175_fix" /><check system="C-45775r713174_chk"><check-content-ref href="Microsoft_InfoPath_2013_STIG.xml" name="M" /><check-content>The policy value for User Configuration -&gt; Administrative Templates -&gt; Microsoft InfoPath 2013 -&gt; Security "Disable opening forms with managed code from the Internet security zone" must be set to "Enabled".

Procedure: Use the Windows Registry Editor to navigate to the following key:

HKCU\Software\Policies\Microsoft\Office\15.0\InfoPath\security

Criteria: If the value RunManagedCodeFromInternet is REG_DWORD = 1, this is not a finding.</check-content></check></Rule></Group><Group id="V-242501"><title>SRG-APP-000131</title><description>&lt;GroupDescription&gt;&lt;/GroupDescription&gt;</description><Rule id="SV-242501r960954_rule" weight="10.0" severity="medium"><version>DTOO297</version><title>A form that is digitally signed must be displayed with a warning.</title><description>&lt;VulnDiscussion&gt;This setting controls whether or not the user sees a dialog box when opening Microsoft InfoPath forms containing digitally signed content. By default, InfoPath shows the user a warning message when the form contains a digital signature. By being aware of a digitally signed form, the user will be able to check the validity of the signature. Otherwise, the forms may have been maliciously modified and will be invalidated.&lt;/VulnDiscussion&gt;&lt;FalsePositives&gt;&lt;/FalsePositives&gt;&lt;FalseNegatives&gt;&lt;/FalseNegatives&gt;&lt;Documentable&gt;false&lt;/Documentable&gt;&lt;Mitigations&gt;&lt;/Mitigations&gt;&lt;SeverityOverrideGuidance&gt;&lt;/SeverityOverrideGuidance&gt;&lt;PotentialImpacts&gt;&lt;/PotentialImpacts&gt;&lt;ThirdPartyTools&gt;&lt;/ThirdPartyTools&gt;&lt;MitigationControl&gt;&lt;/MitigationControl&gt;&lt;Responsibility&gt;&lt;/Responsibility&gt;&lt;IAControls&gt;&lt;/IAControls&gt;</description><reference><dc:title>DPMS Target Microsoft InfoPath 2013</dc:title><dc:publisher>DISA</dc:publisher><dc:type>DPMS Target</dc:type><dc:subject>Microsoft InfoPath 2013</dc:subject><dc:identifier>5378</dc:identifier></reference><ident system="http://cyber.mil/legacy">V-17745</ident><ident system="http://cyber.mil/legacy">SV-53357</ident><ident system="http://cyber.mil/cci">CCI-001749</ident><fixtext fixref="F-45733r713178_fix">Set the policy value for User Configuration -&gt; Administrative Templates -&gt; Microsoft InfoPath 2013 -&gt; Security "Display a warning that a form is digitally signed" to "Enabled".</fixtext><fix id="F-45733r713178_fix" /><check system="C-45776r713177_chk"><check-content-ref href="Microsoft_InfoPath_2013_STIG.xml" name="M" /><check-content>The policy value for User Configuration -&gt; Administrative Templates -&gt; Microsoft InfoPath 2013 -&gt; Security "Display a warning that a form is digitally signed" must be set to "Enabled".

Procedure: Use the Windows Registry Editor to navigate to the following key:

HKCU\Software\Policies\Microsoft\Office\15.0\InfoPath\security

Criteria: If the value SignatureWarning is REG_DWORD = 1, this is not a finding.</check-content></check></Rule></Group><Group id="V-242502"><title>SRG-APP-000516</title><description>&lt;GroupDescription&gt;&lt;/GroupDescription&gt;</description><Rule id="SV-242502r961863_rule" weight="10.0" severity="medium"><version>DTOO309</version><title>The InfoPath APTCA Assembly Allowable List must be enforced.</title><description>&lt;VulnDiscussion&gt;InfoPath 2013 forms' business logic can only call into Global Assembly Cache (GAC) assemblies listed in the APTCA Assembly Allowable List. If this configuration is changed, forms can call into any assembly in the GAC where the Allow Partially Trusted Callers Attribute (APTCA) is set. This configuration could allow malicious developers to access assemblies in the GAC not intended to be used by InfoPath forms.&lt;/VulnDiscussion&gt;&lt;FalsePositives&gt;&lt;/FalsePositives&gt;&lt;FalseNegatives&gt;&lt;/FalseNegatives&gt;&lt;Documentable&gt;false&lt;/Documentable&gt;&lt;Mitigations&gt;&lt;/Mitigations&gt;&lt;SeverityOverrideGuidance&gt;&lt;/SeverityOverrideGuidance&gt;&lt;PotentialImpacts&gt;&lt;/PotentialImpacts&gt;&lt;ThirdPartyTools&gt;&lt;/ThirdPartyTools&gt;&lt;MitigationControl&gt;&lt;/MitigationControl&gt;&lt;Responsibility&gt;&lt;/Responsibility&gt;&lt;IAControls&gt;&lt;/IAControls&gt;</description><reference><dc:title>DPMS Target Microsoft InfoPath 2013</dc:title><dc:publisher>DISA</dc:publisher><dc:type>DPMS Target</dc:type><dc:subject>Microsoft InfoPath 2013</dc:subject><dc:identifier>5378</dc:identifier></reference><ident system="http://cyber.mil/legacy">V-17746</ident><ident system="http://cyber.mil/legacy">SV-53359</ident><ident system="http://cyber.mil/cci">CCI-000366</ident><fixtext fixref="F-45734r713181_fix">Set the policy value for Computer Configuration -&gt; Administrative Templates -&gt; Microsoft InfoPath 2013 (Machine) -&gt; Security "InfoPath APTCA Assembly Allowable List Enforcement" to "Enabled".</fixtext><fix id="F-45734r713181_fix" /><check system="C-45777r713180_chk"><check-content-ref href="Microsoft_InfoPath_2013_STIG.xml" name="M" /><check-content>The policy value for Computer Configuration -&gt; Administrative Templates -&gt; Microsoft InfoPath 2013 (Machine) -&gt; Security "InfoPath APTCA Assembly Allowable List Enforcement" must be set to "Enabled".

Procedure: Use the Windows Registry Editor to navigate to the following key:

HKLM\Software\Policies\Microsoft\office\15.0\InfoPath\security

Criteria: If the value APTCA_AllowList is REG_DWORD = 1, this is not a finding.</check-content></check></Rule></Group><Group id="V-265892"><title>SRG-APP-000456</title><description>&lt;GroupDescription&gt;&lt;/GroupDescription&gt;</description><Rule id="SV-265892r999880_rule" weight="10.0" severity="high"><version>DTOO999-InfoPath13</version><title>The version of InfoPath running on the system must be a supported version.</title><description>&lt;VulnDiscussion&gt;Security flaws with software applications are discovered daily. Vendors are constantly updating and patching their products to address newly discovered security vulnerabilities. Organizations (including any contractor to the organization) are required to promptly install security-relevant software updates (e.g., patches, service packs, and hot fixes). Flaws discovered during security assessments, continuous monitoring, incident response activities, or information system error handling must also be addressed expeditiously.

Organization-defined time periods for updating security-relevant software may vary based on a variety of factors including, for example, the security category of the information system or the criticality of the update (i.e., severity of the vulnerability related to the discovered flaw).

This requirement will apply to software patch management solutions that are used to install patches across the enclave and also to applications themselves that are not part of that patch management solution. For example, many browsers today provide the capability to install their own patch software. Patch criticality, as well as system criticality will vary. Therefore, the tactical situations regarding the patch management process will also vary. This means that the time period used must be a configurable parameter. Time frames for application of security-relevant software updates may be dependent upon the Information Assurance Vulnerability Management (IAVM) process.

The application will be configured to check for and install security-relevant software updates within an identified time period from the availability of the update. The specific time period will be defined by an authoritative source (e.g., IAVM, CTOs, DTMs, and STIGs).&lt;/VulnDiscussion&gt;&lt;FalsePositives&gt;&lt;/FalsePositives&gt;&lt;FalseNegatives&gt;&lt;/FalseNegatives&gt;&lt;Documentable&gt;false&lt;/Documentable&gt;&lt;Mitigations&gt;&lt;/Mitigations&gt;&lt;SeverityOverrideGuidance&gt;&lt;/SeverityOverrideGuidance&gt;&lt;PotentialImpacts&gt;&lt;/PotentialImpacts&gt;&lt;ThirdPartyTools&gt;&lt;/ThirdPartyTools&gt;&lt;MitigationControl&gt;&lt;/MitigationControl&gt;&lt;Responsibility&gt;&lt;/Responsibility&gt;&lt;IAControls&gt;&lt;/IAControls&gt;</description><reference><dc:title>DPMS Target Microsoft InfoPath 2013</dc:title><dc:publisher>DISA</dc:publisher><dc:type>DPMS Target</dc:type><dc:subject>Microsoft InfoPath 2013</dc:subject><dc:identifier>5378</dc:identifier></reference><ident system="http://cyber.mil/cci">CCI-002605</ident><fixtext fixref="F-69715r999879_fix">Upgrade to a supported version.</fixtext><fix id="F-69715r999879_fix" /><check system="C-69811r999878_chk"><check-content-ref href="Microsoft_InfoPath_2013_STIG.xml" name="M" /><check-content>InfoPath 2013 is no longer supported by the vendor. If the system is running InfoPath 2013, this is a finding.</check-content></check></Rule></Group></Benchmark>