<?xml version="1.0" encoding="utf-8"?><?xml-stylesheet type='text/xsl' href='STIG_unclass.xsl'?><Benchmark xmlns:dc="http://purl.org/dc/elements/1.1/" xmlns:xsi="http://www.w3.org/2001/XMLSchema-instance" xmlns:cpe="http://cpe.mitre.org/language/2.0" xmlns:xhtml="http://www.w3.org/1999/xhtml" xmlns:dsig="http://www.w3.org/2000/09/xmldsig#" xsi:schemaLocation="http://checklists.nist.gov/xccdf/1.1 http://nvd.nist.gov/schema/xccdf-1.1.4.xsd http://cpe.mitre.org/dictionary/2.0 http://cpe.mitre.org/files/cpe-dictionary_2.1.xsd" id="Microsoft_Visio_2013" xml:lang="en" xmlns="http://checklists.nist.gov/xccdf/1.1"><status date="2024-06-14">accepted</status><title>Microsoft Visio 2013 Security Technical Implementation Guide</title><description>This Security Technical Implementation Guide is published as a tool to improve the security of Department of Defense (DOD) information systems. The requirements are derived from the National Institute of Standards and Technology (NIST) 800-53 and related documents. Comments or proposed revisions to this document should be sent via email to the following address: disa.stig_spt@mail.mil.</description><notice id="terms-of-use" xml:lang="en"></notice><front-matter xml:lang="en"></front-matter><rear-matter xml:lang="en"></rear-matter><reference href="https://cyber.mil"><dc:publisher>DISA</dc:publisher><dc:source>STIG.DOD.MIL</dc:source></reference><plain-text id="release-info">Release: 5 Benchmark Date: 24 Jul 2024</plain-text><plain-text id="generator">3.5</plain-text><plain-text id="conventionsVersion">1.10.0</plain-text><version>1</version><Profile id="MAC-1_Classified"><title>I - Mission Critical Classified</title><description>&lt;ProfileDescription&gt;&lt;/ProfileDescription&gt;</description><select idref="V-242814" selected="true" /><select idref="V-242815" selected="true" /><select idref="V-242816" selected="true" /><select idref="V-242817" selected="true" /><select idref="V-242818" selected="true" /><select idref="V-242819" selected="true" /><select idref="V-242820" selected="true" /><select idref="V-242821" selected="true" /><select idref="V-242822" selected="true" /><select idref="V-242823" selected="true" /><select idref="V-242824" selected="true" /><select idref="V-242825" selected="true" /><select idref="V-242826" selected="true" /><select idref="V-265900" selected="true" /></Profile><Profile id="MAC-1_Public"><title>I - Mission Critical Public</title><description>&lt;ProfileDescription&gt;&lt;/ProfileDescription&gt;</description><select idref="V-242814" selected="true" /><select idref="V-242815" selected="true" /><select idref="V-242816" selected="true" /><select idref="V-242817" selected="true" /><select idref="V-242818" selected="true" /><select idref="V-242819" selected="true" /><select idref="V-242820" selected="true" /><select idref="V-242821" selected="true" /><select idref="V-242822" selected="true" /><select idref="V-242823" selected="true" /><select idref="V-242824" selected="true" /><select idref="V-242825" selected="true" /><select idref="V-242826" selected="true" /><select idref="V-265900" selected="true" /></Profile><Profile id="MAC-1_Sensitive"><title>I - Mission Critical Sensitive</title><description>&lt;ProfileDescription&gt;&lt;/ProfileDescription&gt;</description><select idref="V-242814" selected="true" /><select idref="V-242815" selected="true" /><select idref="V-242816" selected="true" /><select idref="V-242817" selected="true" /><select idref="V-242818" selected="true" /><select idref="V-242819" selected="true" /><select idref="V-242820" selected="true" /><select idref="V-242821" selected="true" /><select idref="V-242822" selected="true" /><select idref="V-242823" selected="true" /><select idref="V-242824" selected="true" /><select idref="V-242825" selected="true" /><select idref="V-242826" selected="true" /><select idref="V-265900" selected="true" /></Profile><Profile id="MAC-2_Classified"><title>II - Mission Support Classified</title><description>&lt;ProfileDescription&gt;&lt;/ProfileDescription&gt;</description><select idref="V-242814" selected="true" /><select idref="V-242815" selected="true" /><select idref="V-242816" selected="true" /><select idref="V-242817" selected="true" /><select idref="V-242818" selected="true" /><select idref="V-242819" selected="true" /><select idref="V-242820" selected="true" /><select idref="V-242821" selected="true" /><select idref="V-242822" selected="true" /><select idref="V-242823" selected="true" /><select idref="V-242824" selected="true" /><select idref="V-242825" selected="true" /><select idref="V-242826" selected="true" /><select idref="V-265900" selected="true" /></Profile><Profile id="MAC-2_Public"><title>II - Mission Support Public</title><description>&lt;ProfileDescription&gt;&lt;/ProfileDescription&gt;</description><select idref="V-242814" selected="true" /><select idref="V-242815" selected="true" /><select idref="V-242816" selected="true" /><select idref="V-242817" selected="true" /><select idref="V-242818" selected="true" /><select idref="V-242819" selected="true" /><select idref="V-242820" selected="true" /><select idref="V-242821" selected="true" /><select idref="V-242822" selected="true" /><select idref="V-242823" selected="true" /><select idref="V-242824" selected="true" /><select idref="V-242825" selected="true" /><select idref="V-242826" selected="true" /><select idref="V-265900" selected="true" /></Profile><Profile id="MAC-2_Sensitive"><title>II - Mission Support Sensitive</title><description>&lt;ProfileDescription&gt;&lt;/ProfileDescription&gt;</description><select idref="V-242814" selected="true" /><select idref="V-242815" selected="true" /><select idref="V-242816" selected="true" /><select idref="V-242817" selected="true" /><select idref="V-242818" selected="true" /><select idref="V-242819" selected="true" /><select idref="V-242820" selected="true" /><select idref="V-242821" selected="true" /><select idref="V-242822" selected="true" /><select idref="V-242823" selected="true" /><select idref="V-242824" selected="true" /><select idref="V-242825" selected="true" /><select idref="V-242826" selected="true" /><select idref="V-265900" selected="true" /></Profile><Profile id="MAC-3_Classified"><title>III - Administrative Classified</title><description>&lt;ProfileDescription&gt;&lt;/ProfileDescription&gt;</description><select idref="V-242814" selected="true" /><select idref="V-242815" selected="true" /><select idref="V-242816" selected="true" /><select idref="V-242817" selected="true" /><select idref="V-242818" selected="true" /><select idref="V-242819" selected="true" /><select idref="V-242820" selected="true" /><select idref="V-242821" selected="true" /><select idref="V-242822" selected="true" /><select idref="V-242823" selected="true" /><select idref="V-242824" selected="true" /><select idref="V-242825" selected="true" /><select idref="V-242826" selected="true" /><select idref="V-265900" selected="true" /></Profile><Profile id="MAC-3_Public"><title>III - Administrative Public</title><description>&lt;ProfileDescription&gt;&lt;/ProfileDescription&gt;</description><select idref="V-242814" selected="true" /><select idref="V-242815" selected="true" /><select idref="V-242816" selected="true" /><select idref="V-242817" selected="true" /><select idref="V-242818" selected="true" /><select idref="V-242819" selected="true" /><select idref="V-242820" selected="true" /><select idref="V-242821" selected="true" /><select idref="V-242822" selected="true" /><select idref="V-242823" selected="true" /><select idref="V-242824" selected="true" /><select idref="V-242825" selected="true" /><select idref="V-242826" selected="true" /><select idref="V-265900" selected="true" /></Profile><Profile id="MAC-3_Sensitive"><title>III - Administrative Sensitive</title><description>&lt;ProfileDescription&gt;&lt;/ProfileDescription&gt;</description><select idref="V-242814" selected="true" /><select idref="V-242815" selected="true" /><select idref="V-242816" selected="true" /><select idref="V-242817" selected="true" /><select idref="V-242818" selected="true" /><select idref="V-242819" selected="true" /><select idref="V-242820" selected="true" /><select idref="V-242821" selected="true" /><select idref="V-242822" selected="true" /><select idref="V-242823" selected="true" /><select idref="V-242824" selected="true" /><select idref="V-242825" selected="true" /><select idref="V-242826" selected="true" /><select idref="V-265900" selected="true" /></Profile><Group id="V-242814"><title>SRG-APP-000210</title><description>&lt;GroupDescription&gt;&lt;/GroupDescription&gt;</description><Rule id="SV-242814r961092_rule" weight="10.0" severity="medium"><version>DTOO104</version><title>Disabling of user name and password syntax from being used in URLs must be enforced.</title><description>&lt;VulnDiscussion&gt;The Uniform Resource Locator (URL) standard allows user authentication to be included in URL strings in the form http://username:password@example.com. A malicious user might use this URL syntax to create a hyperlink that appears to open a legitimate Website but actually opens a deceptive (spoofed) Website. For example, the URL http://www.wingtiptoys.com@example.com appears to open http://www.wingtiptoys.com but actually opens http://example.com. To protect users from such attacks, Internet Explorer usually blocks any URLs using this syntax.

This functionality can be controlled separately for instances of Internet Explorer spawned by Office applications (for example, if a user clicks a link in an Office document or selects a menu option that loads a Web page). If user names and passwords in URLs are allowed, users could be diverted to dangerous Web pages, which could pose a security risk.&lt;/VulnDiscussion&gt;&lt;FalsePositives&gt;&lt;/FalsePositives&gt;&lt;FalseNegatives&gt;&lt;/FalseNegatives&gt;&lt;Documentable&gt;false&lt;/Documentable&gt;&lt;Mitigations&gt;&lt;/Mitigations&gt;&lt;SeverityOverrideGuidance&gt;&lt;/SeverityOverrideGuidance&gt;&lt;PotentialImpacts&gt;&lt;/PotentialImpacts&gt;&lt;ThirdPartyTools&gt;&lt;/ThirdPartyTools&gt;&lt;MitigationControl&gt;&lt;/MitigationControl&gt;&lt;Responsibility&gt;&lt;/Responsibility&gt;&lt;IAControls&gt;&lt;/IAControls&gt;</description><reference><dc:title>DPMS Target Microsoft Visio 2013</dc:title><dc:publisher>DISA</dc:publisher><dc:type>DPMS Target</dc:type><dc:subject>Microsoft Visio 2013</dc:subject><dc:identifier>5389</dc:identifier></reference><ident system="http://cyber.mil/legacy">V-40730</ident><ident system="http://cyber.mil/legacy">SV-52788</ident><ident system="http://cyber.mil/cci">CCI-001170</ident><fixtext fixref="F-46046r716527_fix">Set the policy value for Computer Configuration -&gt; Administrative Templates -&gt; Microsoft Office 2013 (Machine) -&gt; Security Settings -&gt; IE Security "Disable user name and password" to "Enabled" and place check in 'visio.exe' check box.</fixtext><fix id="F-46046r716527_fix" /><check system="C-46089r716526_chk"><check-content-ref href="Microsoft_Visio_2013_STIG.xml" name="M" /><check-content>Verify the policy value for Computer Configuration -&gt; Administrative Templates -&gt; Microsoft Office 2013 (Machine) -&gt; Security Settings -&gt; IE Security "Disable user name and password" is "Enabled" and 'visio.exe' is checked.

Procedure: Use the Windows Registry Editor to navigate to the following key: 

HKLM\Software\Microsoft\Internet Explorer\Main\FeatureControl\FEATURE_HTTP_USERNAME_PASSWORD_DISABLE

Criteria: If the value visio.exe is REG_DWORD = 1, this is not a finding.</check-content></check></Rule></Group><Group id="V-242815"><title>SRG-APP-000112</title><description>&lt;GroupDescription&gt;&lt;/GroupDescription&gt;</description><Rule id="SV-242815r960921_rule" weight="10.0" severity="medium"><version>DTOO111</version><title>The Internet Explorer Bind to Object functionality must be enabled.</title><description>&lt;VulnDiscussion&gt;Internet Explorer performs a number of safety checks before initializing an ActiveX control. It will not initialize a control if the kill bit for the control is set in the registry, or if the security settings for the zone in which the control is located do not allow it to be initialized.
This functionality can be controlled separately for instances of Internet Explorer spawned by Office applications (for example, if a user clicks a link in an Office document or selects a menu option that loads a Web page). A security risk could occur if potentially dangerous controls are allowed to load.&lt;/VulnDiscussion&gt;&lt;FalsePositives&gt;&lt;/FalsePositives&gt;&lt;FalseNegatives&gt;&lt;/FalseNegatives&gt;&lt;Documentable&gt;false&lt;/Documentable&gt;&lt;Mitigations&gt;&lt;/Mitigations&gt;&lt;SeverityOverrideGuidance&gt;&lt;/SeverityOverrideGuidance&gt;&lt;PotentialImpacts&gt;&lt;/PotentialImpacts&gt;&lt;ThirdPartyTools&gt;&lt;/ThirdPartyTools&gt;&lt;MitigationControl&gt;&lt;/MitigationControl&gt;&lt;Responsibility&gt;&lt;/Responsibility&gt;&lt;IAControls&gt;&lt;/IAControls&gt;</description><reference><dc:title>DPMS Target Microsoft Visio 2013</dc:title><dc:publisher>DISA</dc:publisher><dc:type>DPMS Target</dc:type><dc:subject>Microsoft Visio 2013</dc:subject><dc:identifier>5389</dc:identifier></reference><ident system="http://cyber.mil/legacy">V-40731</ident><ident system="http://cyber.mil/legacy">SV-52789</ident><ident system="http://cyber.mil/cci">CCI-001695</ident><fixtext fixref="F-46047r716530_fix">Set the policy value for Computer Configuration -&gt; Administrative Templates -&gt; Microsoft Office 2013 (Machine) -&gt; Security Settings -&gt; IE Security "Bind to object" to "Enabled" and place check in 'visio.exe' check box.</fixtext><fix id="F-46047r716530_fix" /><check system="C-46090r716529_chk"><check-content-ref href="Microsoft_Visio_2013_STIG.xml" name="M" /><check-content>Verify the policy value for Computer Configuration -&gt; Administrative Templates -&gt; Microsoft Office 2013 (Machine) -&gt; Security Settings -&gt; IE Security "Bind to object" is set to "Enabled" and 'visio.exe' is checked.

Procedure: Use the Windows Registry Editor to navigate to the following key: 

HKLM\Software\Microsoft\Internet Explorer\Main\FeatureControl\FEATURE_SAFE_BINDTOOBJECT

Criteria: If the value visio.exe is REG_DWORD = 1, this is not a finding.</check-content></check></Rule></Group><Group id="V-242816"><title>SRG-APP-000210</title><description>&lt;GroupDescription&gt;&lt;/GroupDescription&gt;</description><Rule id="SV-242816r961092_rule" weight="10.0" severity="medium"><version>DTOO117</version><title>The Saved from URL mark must be selected to enforce Internet zone processing.</title><description>&lt;VulnDiscussion&gt;Typically, when Internet Explorer loads a web page from a Universal Naming Convention (UNC) share that contains a Mark of the Web (MOTW) comment, indicating the page was saved from a site on the Internet; Internet Explorer runs the page in the Internet security zone instead of the less restrictive Local Intranet security zone. This functionality can be controlled separately for instances of Internet Explorer spawned by Office applications (for example, if a user clicks a link in an Office document or selects a menu option that loads a web page). If Internet Explorer does not evaluate the page for a MOTW, potentially dangerous code could be allowed to run.&lt;/VulnDiscussion&gt;&lt;FalsePositives&gt;&lt;/FalsePositives&gt;&lt;FalseNegatives&gt;&lt;/FalseNegatives&gt;&lt;Documentable&gt;false&lt;/Documentable&gt;&lt;Mitigations&gt;&lt;/Mitigations&gt;&lt;SeverityOverrideGuidance&gt;&lt;/SeverityOverrideGuidance&gt;&lt;PotentialImpacts&gt;&lt;/PotentialImpacts&gt;&lt;ThirdPartyTools&gt;&lt;/ThirdPartyTools&gt;&lt;MitigationControl&gt;&lt;/MitigationControl&gt;&lt;Responsibility&gt;&lt;/Responsibility&gt;&lt;IAControls&gt;&lt;/IAControls&gt;</description><reference><dc:title>DPMS Target Microsoft Visio 2013</dc:title><dc:publisher>DISA</dc:publisher><dc:type>DPMS Target</dc:type><dc:subject>Microsoft Visio 2013</dc:subject><dc:identifier>5389</dc:identifier></reference><ident system="http://cyber.mil/legacy">V-40732</ident><ident system="http://cyber.mil/legacy">SV-52790</ident><ident system="http://cyber.mil/cci">CCI-001170</ident><fixtext fixref="F-46048r716533_fix">Set the policy value for Computer Configuration -&gt; Administrative Templates -&gt; Microsoft Office 2013 (Machine) -&gt; Security Settings -&gt; IE Security "Saved from URL" to "Enabled" and place check in 'visio.exe' check box.</fixtext><fix id="F-46048r716533_fix" /><check system="C-46091r716532_chk"><check-content-ref href="Microsoft_Visio_2013_STIG.xml" name="M" /><check-content>Verify the policy value for Computer Configuration -&gt; Administrative Templates -&gt; Microsoft Office 2013 (Machine) -&gt; Security Settings -&gt; IE Security "Saved from URL" is "Enabled" and 'visio.exe' is checked.

Procedure: Use the Windows Registry Editor to navigate to the following key: 

HKLM\Software\Microsoft\Internet Explorer\Main\FeatureControl\FEATURE_UNC_SAVEDFILECHECK

Criteria: If the value visio.exe is REG_DWORD = 1, this is not a finding.</check-content></check></Rule></Group><Group id="V-242817"><title>SRG-APP-000210</title><description>&lt;GroupDescription&gt;&lt;/GroupDescription&gt;</description><Rule id="SV-242817r961092_rule" weight="10.0" severity="medium"><version>DTOO123</version><title>Navigation to URLs embedded in Office products must be blocked.</title><description>&lt;VulnDiscussion&gt;To protect users from attacks, Internet Explorer usually does not attempt to load malformed URLs. This functionality can be controlled separately for instances of Internet Explorer spawned by Office applications (for example, if a user clicks a link in an Office document or selects a menu option that loads a web page). If Internet Explorer attempts to load a malformed URL, a security risk could occur.&lt;/VulnDiscussion&gt;&lt;FalsePositives&gt;&lt;/FalsePositives&gt;&lt;FalseNegatives&gt;&lt;/FalseNegatives&gt;&lt;Documentable&gt;false&lt;/Documentable&gt;&lt;Mitigations&gt;&lt;/Mitigations&gt;&lt;SeverityOverrideGuidance&gt;&lt;/SeverityOverrideGuidance&gt;&lt;PotentialImpacts&gt;&lt;/PotentialImpacts&gt;&lt;ThirdPartyTools&gt;&lt;/ThirdPartyTools&gt;&lt;MitigationControl&gt;&lt;/MitigationControl&gt;&lt;Responsibility&gt;&lt;/Responsibility&gt;&lt;IAControls&gt;&lt;/IAControls&gt;</description><reference><dc:title>DPMS Target Microsoft Visio 2013</dc:title><dc:publisher>DISA</dc:publisher><dc:type>DPMS Target</dc:type><dc:subject>Microsoft Visio 2013</dc:subject><dc:identifier>5389</dc:identifier></reference><ident system="http://cyber.mil/legacy">V-40733</ident><ident system="http://cyber.mil/legacy">SV-52791</ident><ident system="http://cyber.mil/cci">CCI-001170</ident><fixtext fixref="F-46049r716536_fix">Set the policy value for Computer Configuration -&gt; Administrative Templates -&gt; Microsoft Office 2013 (Machine) -&gt; Security Settings -&gt; IE Security "Navigate URL" to "Enabled" and 'visio.exe'  is checked.</fixtext><fix id="F-46049r716536_fix" /><check system="C-46092r716535_chk"><check-content-ref href="Microsoft_Visio_2013_STIG.xml" name="M" /><check-content>Verify the policy value for Computer Configuration -&gt; Administrative Templates -&gt; Microsoft Office 2013 (Machine) -&gt; Security Settings -&gt; IE Security "Navigate URL" is "Enabled" and 'visio.exe' is checked.

Procedure: Use the Windows Registry Editor to navigate to the following key: 

HKLM\Software\Microsoft\Internet Explorer\Main\FeatureControl\FEATURE_VALIDATE_NAVIGATE_URL

Criteria: If the value visio.exe is REG_DWORD = 1, this is not a finding.</check-content></check></Rule></Group><Group id="V-242818"><title>SRG-APP-000112</title><description>&lt;GroupDescription&gt;&lt;/GroupDescription&gt;</description><Rule id="SV-242818r960921_rule" weight="10.0" severity="medium"><version>DTOO124</version><title>Scripted Window Security must be enforced.</title><description>&lt;VulnDiscussion&gt;Malicious websites often try to confuse or trick users into giving a site permission to perform an action allowing the site to take control of the users' computers in some manner. Disabling or not configuring this setting allows unknown websites to:
-Create browser windows appearing to be from the local operating system.
-Draw active windows displaying outside of the viewable areas of the screen capturing keyboard input.
-Overlay parent windows with their own browser windows to hide important system information, choices or prompts.&lt;/VulnDiscussion&gt;&lt;FalsePositives&gt;&lt;/FalsePositives&gt;&lt;FalseNegatives&gt;&lt;/FalseNegatives&gt;&lt;Documentable&gt;false&lt;/Documentable&gt;&lt;Mitigations&gt;&lt;/Mitigations&gt;&lt;SeverityOverrideGuidance&gt;&lt;/SeverityOverrideGuidance&gt;&lt;PotentialImpacts&gt;&lt;/PotentialImpacts&gt;&lt;ThirdPartyTools&gt;&lt;/ThirdPartyTools&gt;&lt;MitigationControl&gt;&lt;/MitigationControl&gt;&lt;Responsibility&gt;&lt;/Responsibility&gt;&lt;IAControls&gt;&lt;/IAControls&gt;</description><reference><dc:title>DPMS Target Microsoft Visio 2013</dc:title><dc:publisher>DISA</dc:publisher><dc:type>DPMS Target</dc:type><dc:subject>Microsoft Visio 2013</dc:subject><dc:identifier>5389</dc:identifier></reference><ident system="http://cyber.mil/legacy">V-40734</ident><ident system="http://cyber.mil/legacy">SV-52792</ident><ident system="http://cyber.mil/cci">CCI-001695</ident><fixtext fixref="F-46050r716539_fix">Set the policy value for Computer Configuration -&gt; Administrative Templates -&gt; Microsoft Office 2013 (Machine) -&gt; Security Settings -&gt; IE Security "Scripted Window Security Restrictions" to "Enabled" and 'visio.exe' is checked.</fixtext><fix id="F-46050r716539_fix" /><check system="C-46093r716538_chk"><check-content-ref href="Microsoft_Visio_2013_STIG.xml" name="M" /><check-content>Verify the policy value for Computer Configuration -&gt; Administrative Templates -&gt; Microsoft Office 2013 (Machine) -&gt; Security Settings -&gt; IE Security "Scripted Window Security Restrictions" is set to "Enabled" and 'visio.exe' is checked.

Procedure: Use the Windows Registry Editor to navigate to the following key: 

HKLM\Software\Microsoft\Internet Explorer\Main\FeatureControl\FEATURE_WINDOW_RESTRICTIONS

Criteria: If the value visio.exe is REG_DWORD = 1, this is not a finding.</check-content></check></Rule></Group><Group id="V-242819"><title>SRG-APP-000207</title><description>&lt;GroupDescription&gt;&lt;/GroupDescription&gt;</description><Rule id="SV-242819r961086_rule" weight="10.0" severity="medium"><version>DTOO126</version><title>Add-on Management functionality must be allowed.</title><description>&lt;VulnDiscussion&gt;Internet Explorer add-ons are pieces of code, run in Internet Explorer, to provide additional functionality. Rogue add-ons may contain viruses or other malicious code. Disabling or not configuring this setting could allow malicious code or users to become active on user computers or the network. For example, a malicious user can monitor and then use keystrokes users type into Internet Explorer. Even legitimate add-ons may demand resources, compromising the performance of Internet Explorer, and the operating systems for user computers.&lt;/VulnDiscussion&gt;&lt;FalsePositives&gt;&lt;/FalsePositives&gt;&lt;FalseNegatives&gt;&lt;/FalseNegatives&gt;&lt;Documentable&gt;false&lt;/Documentable&gt;&lt;Mitigations&gt;&lt;/Mitigations&gt;&lt;SeverityOverrideGuidance&gt;&lt;/SeverityOverrideGuidance&gt;&lt;PotentialImpacts&gt;&lt;/PotentialImpacts&gt;&lt;ThirdPartyTools&gt;&lt;/ThirdPartyTools&gt;&lt;MitigationControl&gt;&lt;/MitigationControl&gt;&lt;Responsibility&gt;&lt;/Responsibility&gt;&lt;IAControls&gt;&lt;/IAControls&gt;</description><reference><dc:title>DPMS Target Microsoft Visio 2013</dc:title><dc:publisher>DISA</dc:publisher><dc:type>DPMS Target</dc:type><dc:subject>Microsoft Visio 2013</dc:subject><dc:identifier>5389</dc:identifier></reference><ident system="http://cyber.mil/legacy">V-40735</ident><ident system="http://cyber.mil/legacy">SV-52793</ident><ident system="http://cyber.mil/cci">CCI-001662</ident><fixtext fixref="F-46051r716542_fix">Set the policy value for Computer Configuration -&gt; Administrative Templates -&gt; Microsoft Office 2013 (Machine) -&gt; Security Settings -&gt; IE Security "Add-on Management" to "Enabled" and place check in 'visio.exe' check box.</fixtext><fix id="F-46051r716542_fix" /><check system="C-46094r716541_chk"><check-content-ref href="Microsoft_Visio_2013_STIG.xml" name="M" /><check-content>Verify the policy value for Computer Configuration -&gt; Administrative Templates -&gt; Microsoft Office 2013 (Machine) -&gt; Security Settings -&gt; IE Security "Add-on Management" is set to "Enabled" and 'visio.exe' is checked.

Procedure: Use the Windows Registry Editor to navigate to the following key: 

HKLM\software\Microsoft\internet explorer\main\featurecontrol\feature_addon_management

Criteria: If the value visio.exe is REG_DWORD = 1, this is not a finding.</check-content></check></Rule></Group><Group id="V-242820"><title>SRG-APP-000131</title><description>&lt;GroupDescription&gt;&lt;/GroupDescription&gt;</description><Rule id="SV-242820r960954_rule" weight="10.0" severity="medium"><version>DTOO127</version><title>Add-ins to Office applications must be signed by a Trusted Publisher.</title><description>&lt;VulnDiscussion&gt;Office 2013 applications do not check the digital signature on application add-ins before opening them.  Disabling or not configuring this setting may allow an application to load a dangerous add-in.  As a result, malicious code could become active on user computers or the network.&lt;/VulnDiscussion&gt;&lt;FalsePositives&gt;&lt;/FalsePositives&gt;&lt;FalseNegatives&gt;&lt;/FalseNegatives&gt;&lt;Documentable&gt;false&lt;/Documentable&gt;&lt;Mitigations&gt;&lt;/Mitigations&gt;&lt;SeverityOverrideGuidance&gt;&lt;/SeverityOverrideGuidance&gt;&lt;PotentialImpacts&gt;&lt;/PotentialImpacts&gt;&lt;ThirdPartyTools&gt;&lt;/ThirdPartyTools&gt;&lt;MitigationControl&gt;&lt;/MitigationControl&gt;&lt;Responsibility&gt;&lt;/Responsibility&gt;&lt;IAControls&gt;&lt;/IAControls&gt;</description><reference><dc:title>DPMS Target Microsoft Visio 2013</dc:title><dc:publisher>DISA</dc:publisher><dc:type>DPMS Target</dc:type><dc:subject>Microsoft Visio 2013</dc:subject><dc:identifier>5389</dc:identifier></reference><ident system="http://cyber.mil/legacy">V-40736</ident><ident system="http://cyber.mil/legacy">SV-52794</ident><ident system="http://cyber.mil/cci">CCI-001749</ident><fixtext fixref="F-46052r716545_fix">Set the policy value for User Configuration -&gt; Administrative Templates -&gt; Microsoft Visio 2013 -&gt; Visio Options -&gt; Security -&gt; Trust Center -&gt; "Require that application add-ins are signed by Trusted Publisher" to "Enabled".</fixtext><fix id="F-46052r716545_fix" /><check system="C-46095r716544_chk"><check-content-ref href="Microsoft_Visio_2013_STIG.xml" name="M" /><check-content>Verify the policy value for User Configuration -&gt; Administrative Templates -&gt; Microsoft Visio 2013 -&gt; Visio Options -&gt; Security -&gt; Trust Center -&gt; "Require that application add-ins are signed by Trusted Publisher" is set to "Enabled".

Procedure: Use the Windows Registry Editor to navigate to the following key: 

HKCU\software\policies\Microsoft\office\15.0\Visio\security

Criteria: If the value requireaddinsig is REG_DWORD = 1, this is not a finding.</check-content></check></Rule></Group><Group id="V-242821"><title>SRG-APP-000207</title><description>&lt;GroupDescription&gt;&lt;/GroupDescription&gt;</description><Rule id="SV-242821r961086_rule" weight="10.0" severity="medium"><version>DTOO129</version><title>Links that invoke instances of IE from within an Office product must be blocked.</title><description>&lt;VulnDiscussion&gt;The Pop-up Blocker feature in Internet Explorer can be used to block most unwanted pop-up and pop-under windows from appearing. This functionality can be controlled separately for instances of Internet Explorer spawned by Office applications (for example, if a user clicks a link in an Office document or selects a menu option that loads a Web page). If the Pop-up Blocker is disabled, disruptive and potentially dangerous pop-up windows could load and present a security risk.&lt;/VulnDiscussion&gt;&lt;FalsePositives&gt;&lt;/FalsePositives&gt;&lt;FalseNegatives&gt;&lt;/FalseNegatives&gt;&lt;Documentable&gt;false&lt;/Documentable&gt;&lt;Mitigations&gt;&lt;/Mitigations&gt;&lt;SeverityOverrideGuidance&gt;&lt;/SeverityOverrideGuidance&gt;&lt;PotentialImpacts&gt;&lt;/PotentialImpacts&gt;&lt;ThirdPartyTools&gt;&lt;/ThirdPartyTools&gt;&lt;MitigationControl&gt;&lt;/MitigationControl&gt;&lt;Responsibility&gt;&lt;/Responsibility&gt;&lt;IAControls&gt;&lt;/IAControls&gt;</description><reference><dc:title>DPMS Target Microsoft Visio 2013</dc:title><dc:publisher>DISA</dc:publisher><dc:type>DPMS Target</dc:type><dc:subject>Microsoft Visio 2013</dc:subject><dc:identifier>5389</dc:identifier></reference><ident system="http://cyber.mil/legacy">V-40737</ident><ident system="http://cyber.mil/legacy">SV-52795</ident><ident system="http://cyber.mil/cci">CCI-001662</ident><fixtext fixref="F-46053r716548_fix">Set the policy value for Computer Configuration -&gt; Administrative Templates -&gt; Microsoft Office 2013 (Machine) -&gt; Security Settings -&gt; IE Security "Block popups" to "Enabled" and place check in 'visio.exe' check box.</fixtext><fix id="F-46053r716548_fix" /><check system="C-46096r716547_chk"><check-content-ref href="Microsoft_Visio_2013_STIG.xml" name="M" /><check-content>Verify the policy value for Computer Configuration -&gt; Administrative Templates -&gt; Microsoft Office 2013 (Machine) -&gt; Security Settings -&gt; IE Security "Block popups" is "Enabled" and 'visio.exe' is checked.

Procedure: Use the Windows Registry Editor to navigate to the following key: 

HKLM\Software\Microsoft\Internet Explorer\Main\FeatureControl\FEATURE_WEBOC_POPUPMANAGEMENT

Criteria: If the value visio.exe is REG_DWORD = 1, this is not a finding.</check-content></check></Rule></Group><Group id="V-242822"><title>SRG-APP-000131</title><description>&lt;GroupDescription&gt;&lt;/GroupDescription&gt;</description><Rule id="SV-242822r960954_rule" weight="10.0" severity="medium"><version>DTOO131</version><title>Trust Bar Notifications for unsigned applications must be disabled.</title><description>&lt;VulnDiscussion&gt;If an application is configured to require all add-ins to be signed by a trusted publisher, any unsigned add-ins the application loads will be disabled and the application will display the Trust Bar at the top of the active window. The Trust Bar contains a message informing users about the unsigned add-in. If a user is allowed to make the determination to allow an unsigned add-in, it increases the risk of malicious code being introduced onto the user's computer or the network.&lt;/VulnDiscussion&gt;&lt;FalsePositives&gt;&lt;/FalsePositives&gt;&lt;FalseNegatives&gt;&lt;/FalseNegatives&gt;&lt;Documentable&gt;false&lt;/Documentable&gt;&lt;Mitigations&gt;&lt;/Mitigations&gt;&lt;SeverityOverrideGuidance&gt;&lt;/SeverityOverrideGuidance&gt;&lt;PotentialImpacts&gt;&lt;/PotentialImpacts&gt;&lt;ThirdPartyTools&gt;&lt;/ThirdPartyTools&gt;&lt;MitigationControl&gt;&lt;/MitigationControl&gt;&lt;Responsibility&gt;&lt;/Responsibility&gt;&lt;IAControls&gt;&lt;/IAControls&gt;</description><reference><dc:title>DPMS Target Microsoft Visio 2013</dc:title><dc:publisher>DISA</dc:publisher><dc:type>DPMS Target</dc:type><dc:subject>Microsoft Visio 2013</dc:subject><dc:identifier>5389</dc:identifier></reference><ident system="http://cyber.mil/legacy">V-40738</ident><ident system="http://cyber.mil/legacy">SV-52796</ident><ident system="http://cyber.mil/cci">CCI-001749</ident><fixtext fixref="F-46054r716551_fix">Set the policy value for User Configuration -&gt; Administrative Templates -&gt; Microsoft Visio 2013 -&gt; Visio Options -&gt; Security -&gt; Trust Center -&gt; "Disable Trust Bar Notification for unsigned application add-ins and block them" to "Enabled".</fixtext><fix id="F-46054r716551_fix" /><check system="C-46097r716550_chk"><check-content-ref href="Microsoft_Visio_2013_STIG.xml" name="M" /><check-content>Verify the policy value for User Configuration -&gt; Administrative Templates -&gt; Microsoft Visio 2013 -&gt; Visio Options -&gt; Security -&gt; Trust Center -&gt; "Disable Trust Bar Notification for unsigned application add-ins and block them" is set to "Enabled".

Procedure: Use the Windows Registry Editor to navigate to the following key: 

HKCU\software\policies\Microsoft\office\15.0\Visio\security

Criteria: If the value notbpromptunsignedaddin is REG_DWORD = 1, this is not a finding.</check-content></check></Rule></Group><Group id="V-242823"><title>SRG-APP-000209</title><description>&lt;GroupDescription&gt;&lt;/GroupDescription&gt;</description><Rule id="SV-242823r961089_rule" weight="10.0" severity="medium"><version>DTOO132</version><title>File downloads must be configured for proper restrictions.</title><description>&lt;VulnDiscussion&gt;Disabling this setting allows websites to present file download prompts via code without the user specifically initiating the download. User preferences may also allow the download to occur without prompting or interaction with the user. Even if Internet Explorer prompts the user to accept the download, some websites abuse this functionality. Malicious websites may continually prompt users to download a file or present confusing dialog boxes to trick users into downloading or running a file. If the download occurs and it contains malicious code, the code could become active on user computers or the network.&lt;/VulnDiscussion&gt;&lt;FalsePositives&gt;&lt;/FalsePositives&gt;&lt;FalseNegatives&gt;&lt;/FalseNegatives&gt;&lt;Documentable&gt;false&lt;/Documentable&gt;&lt;Mitigations&gt;&lt;/Mitigations&gt;&lt;SeverityOverrideGuidance&gt;&lt;/SeverityOverrideGuidance&gt;&lt;PotentialImpacts&gt;&lt;/PotentialImpacts&gt;&lt;ThirdPartyTools&gt;&lt;/ThirdPartyTools&gt;&lt;MitigationControl&gt;&lt;/MitigationControl&gt;&lt;Responsibility&gt;&lt;/Responsibility&gt;&lt;IAControls&gt;&lt;/IAControls&gt;</description><reference><dc:title>DPMS Target Microsoft Visio 2013</dc:title><dc:publisher>DISA</dc:publisher><dc:type>DPMS Target</dc:type><dc:subject>Microsoft Visio 2013</dc:subject><dc:identifier>5389</dc:identifier></reference><ident system="http://cyber.mil/legacy">V-40739</ident><ident system="http://cyber.mil/legacy">SV-52797</ident><ident system="http://cyber.mil/cci">CCI-001169</ident><fixtext fixref="F-46055r716554_fix">Set the policy value for Computer Configuration -&gt; Administrative Templates -&gt; Microsoft Office 2013 (Machine) -&gt; Security Settings -&gt; IE Security "Restrict File Download" to "Enabled" and 'visio.exe' is checked.</fixtext><fix id="F-46055r716554_fix" /><check system="C-46098r716553_chk"><check-content-ref href="Microsoft_Visio_2013_STIG.xml" name="M" /><check-content>Verify the policy value for Computer Configuration -&gt; Administrative Templates -&gt; Microsoft Office 2013 (Machine) -&gt; Security Settings -&gt; IE Security "Restrict File Download" is set to "Enabled" and 'Visio.exe' is checked.

Procedure: Use the Windows Registry Editor to navigate to the following key: 

HKLM\Software\Microsoft\Internet Explorer\Main\FeatureControl\FEATURE_RESTRICT_FILEDOWNLOAD

Criteria: If the value visio.exe is REG_DWORD = 1, this is not a finding.</check-content></check></Rule></Group><Group id="V-242824"><title>SRG-APP-000112</title><description>&lt;GroupDescription&gt;&lt;/GroupDescription&gt;</description><Rule id="SV-242824r960921_rule" weight="10.0" severity="medium"><version>DTOO209</version><title>Protection from zone elevation must be enforced.</title><description>&lt;VulnDiscussion&gt;Internet Explorer places restrictions on each web page users can use the browser to open. Web pages on a user's local computer have the fewest security restrictions and reside in the Local Machine zone, making this security zone a prime target for malicious users and code. Disabling or not configuring this setting could allow pages in the Internet zone to navigate to pages in the Local Machine zone to then run code to elevate privileges. This could allow malicious code or users to become active on user computers or the network.&lt;/VulnDiscussion&gt;&lt;FalsePositives&gt;&lt;/FalsePositives&gt;&lt;FalseNegatives&gt;&lt;/FalseNegatives&gt;&lt;Documentable&gt;false&lt;/Documentable&gt;&lt;Mitigations&gt;&lt;/Mitigations&gt;&lt;SeverityOverrideGuidance&gt;&lt;/SeverityOverrideGuidance&gt;&lt;PotentialImpacts&gt;&lt;/PotentialImpacts&gt;&lt;ThirdPartyTools&gt;&lt;/ThirdPartyTools&gt;&lt;MitigationControl&gt;&lt;/MitigationControl&gt;&lt;Responsibility&gt;&lt;/Responsibility&gt;&lt;IAControls&gt;&lt;/IAControls&gt;</description><reference><dc:title>DPMS Target Microsoft Visio 2013</dc:title><dc:publisher>DISA</dc:publisher><dc:type>DPMS Target</dc:type><dc:subject>Microsoft Visio 2013</dc:subject><dc:identifier>5389</dc:identifier></reference><ident system="http://cyber.mil/legacy">V-40740</ident><ident system="http://cyber.mil/legacy">SV-52798</ident><ident system="http://cyber.mil/cci">CCI-001695</ident><fixtext fixref="F-46056r716557_fix">Set the policy value for Computer Configuration -&gt; Administrative Templates -&gt; Microsoft Office 2013 (Machine) -&gt; Security Settings -&gt; IE Security "Protection From Zone Elevation" to "Enabled" and 'visio.exe' is checked.</fixtext><fix id="F-46056r716557_fix" /><check system="C-46099r716556_chk"><check-content-ref href="Microsoft_Visio_2013_STIG.xml" name="M" /><check-content>Verify the policy value for Computer Configuration -&gt; Administrative Templates -&gt; Microsoft Office 2013 (Machine) -&gt; Security Settings -&gt; IE Security "Protection From Zone Elevation" is set to "Enabled" and 'visio.exe' is checked.

Procedure: Use the Windows Registry Editor to navigate to the following key: 

HKLM\Software\Microsoft\Internet Explorer\Main\FeatureControl\FEATURE_ZONE_ELEVATION

Criteria: If the value visio.exe is REG_DWORD = 1, this is not a finding.</check-content></check></Rule></Group><Group id="V-242825"><title>SRG-APP-000488</title><description>&lt;GroupDescription&gt;&lt;/GroupDescription&gt;</description><Rule id="SV-242825r961779_rule" weight="10.0" severity="medium"><version>DTOO211</version><title>ActiveX installs must be configured for proper restrictions.</title><description>&lt;VulnDiscussion&gt;Microsoft ActiveX controls allow unmanaged, unprotected code to run on the user computers. ActiveX controls do not run within a protected container in the browser like the other types of HTML or Microsoft Silverlight-based controls. Disabling or not configuring this setting does not block prompts for ActiveX control installations and these prompts display to users. This could allow malicious code to become active on user computers or the network.&lt;/VulnDiscussion&gt;&lt;FalsePositives&gt;&lt;/FalsePositives&gt;&lt;FalseNegatives&gt;&lt;/FalseNegatives&gt;&lt;Documentable&gt;false&lt;/Documentable&gt;&lt;Mitigations&gt;&lt;/Mitigations&gt;&lt;SeverityOverrideGuidance&gt;&lt;/SeverityOverrideGuidance&gt;&lt;PotentialImpacts&gt;&lt;/PotentialImpacts&gt;&lt;ThirdPartyTools&gt;&lt;/ThirdPartyTools&gt;&lt;MitigationControl&gt;&lt;/MitigationControl&gt;&lt;Responsibility&gt;&lt;/Responsibility&gt;&lt;IAControls&gt;&lt;/IAControls&gt;</description><reference><dc:title>DPMS Target Microsoft Visio 2013</dc:title><dc:publisher>DISA</dc:publisher><dc:type>DPMS Target</dc:type><dc:subject>Microsoft Visio 2013</dc:subject><dc:identifier>5389</dc:identifier></reference><ident system="http://cyber.mil/legacy">V-40741</ident><ident system="http://cyber.mil/legacy">SV-52799</ident><ident system="http://cyber.mil/cci">CCI-002460</ident><fixtext fixref="F-46057r716560_fix">Set the policy value for Computer Configuration -&gt; Administrative Templates -&gt; Microsoft Office 2013 (Machine) -&gt; Security Settings -&gt; IE Security "Restrict ActiveX Install" to "Enabled" and 'visio.exe' is checked.</fixtext><fix id="F-46057r716560_fix" /><check system="C-46100r716559_chk"><check-content-ref href="Microsoft_Visio_2013_STIG.xml" name="M" /><check-content>Verify the policy value for Computer Configuration -&gt; Administrative Templates -&gt; Microsoft Office 2013 (Machine) -&gt; Security Settings -&gt; IE Security "Restrict ActiveX Install" is set to "Enabled" and 'visio.exe' is checked.

Procedure: Use the Windows Registry Editor to navigate to the following key: 

HKLM\Software\Microsoft\Internet Explorer\Main\FeatureControl\FEATURE_RESTRICT_ACTIVEXINSTALL

Criteria: If the value visio.exe is REG_DWORD = 1, this is not a finding.</check-content></check></Rule></Group><Group id="V-242826"><title>SRG-APP-000141</title><description>&lt;GroupDescription&gt;&lt;/GroupDescription&gt;</description><Rule id="SV-242826r960963_rule" weight="10.0" severity="medium"><version>DTOO304</version><title>Warning Bar settings for VBA macros must be configured.</title><description>&lt;VulnDiscussion&gt;When users open files containing VBA Macros, applications open the files with the macros disabled and displays the Trust Bar with a warning that macros are present and have been disabled. Users may then enable these macros by clicking Options on the Trust Bar and selecting the option to enable them. Disabling or not configuring this setting may allow dangerous macros to become active on user computers or the network.&lt;/VulnDiscussion&gt;&lt;FalsePositives&gt;&lt;/FalsePositives&gt;&lt;FalseNegatives&gt;&lt;/FalseNegatives&gt;&lt;Documentable&gt;false&lt;/Documentable&gt;&lt;Mitigations&gt;&lt;/Mitigations&gt;&lt;SeverityOverrideGuidance&gt;&lt;/SeverityOverrideGuidance&gt;&lt;PotentialImpacts&gt;&lt;/PotentialImpacts&gt;&lt;ThirdPartyTools&gt;&lt;/ThirdPartyTools&gt;&lt;MitigationControl&gt;&lt;/MitigationControl&gt;&lt;Responsibility&gt;&lt;/Responsibility&gt;&lt;IAControls&gt;&lt;/IAControls&gt;</description><reference><dc:title>DPMS Target Microsoft Visio 2013</dc:title><dc:publisher>DISA</dc:publisher><dc:type>DPMS Target</dc:type><dc:subject>Microsoft Visio 2013</dc:subject><dc:identifier>5389</dc:identifier></reference><ident system="http://cyber.mil/legacy">V-40742</ident><ident system="http://cyber.mil/legacy">SV-52800</ident><ident system="http://cyber.mil/cci">CCI-000381</ident><fixtext fixref="F-46058r716563_fix">Set the policy value for User Configuration -&gt; Administrative Templates -&gt; Microsoft Visio 2013 -&gt; Visio Options -&gt; Security -&gt; Trust Center -&gt; "VBA Macro Notification Settings" to "Enabled: Disable all with notification".</fixtext><fix id="F-46058r716563_fix" /><check system="C-46101r716562_chk"><check-content-ref href="Microsoft_Visio_2013_STIG.xml" name="M" /><check-content>Verify the policy value for User Configuration -&gt; Administrative Templates -&gt; Microsoft Visio 2013 -&gt; Visio Options -&gt; Security -&gt; Trust Center -&gt; "VBA Macro Notification Settings" is set to "Enabled: Disable all with notification".

Procedure: Use the Windows Registry Editor to navigate to the following key: 

HKCU\software\policies\Microsoft\office\15.0\Visio\security

Criteria: If the value vbawarnings is REG_DWORD = 2, this is not a finding.</check-content></check></Rule></Group><Group id="V-265900"><title>SRG-APP-000456</title><description>&lt;GroupDescription&gt;&lt;/GroupDescription&gt;</description><Rule id="SV-265900r999904_rule" weight="10.0" severity="high"><version>DTOO999-Visio13</version><title>The version of Visio running on the system must be a supported version.</title><description>&lt;VulnDiscussion&gt;Security flaws with software applications are discovered daily. Vendors are constantly updating and patching their products to address newly discovered security vulnerabilities. Organizations (including any contractor to the organization) are required to promptly install security-relevant software updates (e.g., patches, service packs, and hot fixes). Flaws discovered during security assessments, continuous monitoring, incident response activities, or information system error handling must also be addressed expeditiously.

Organization-defined time periods for updating security-relevant software may vary based on a variety of factors including, for example, the security category of the information system or the criticality of the update (i.e., severity of the vulnerability related to the discovered flaw).

This requirement will apply to software patch management solutions that are used to install patches across the enclave and also to applications themselves that are not part of that patch management solution. For example, many browsers today provide the capability to install their own patch software. Patch criticality, as well as system criticality will vary. Therefore, the tactical situations regarding the patch management process will also vary. This means that the time period used must be a configurable parameter. Time frames for application of security-relevant software updates may be dependent upon the Information Assurance Vulnerability Management (IAVM) process.

The application will be configured to check for and install security-relevant software updates within an identified time period from the availability of the update. The specific time period will be defined by an authoritative source (e.g., IAVM, CTOs, DTMs, and STIGs).&lt;/VulnDiscussion&gt;&lt;FalsePositives&gt;&lt;/FalsePositives&gt;&lt;FalseNegatives&gt;&lt;/FalseNegatives&gt;&lt;Documentable&gt;false&lt;/Documentable&gt;&lt;Mitigations&gt;&lt;/Mitigations&gt;&lt;SeverityOverrideGuidance&gt;&lt;/SeverityOverrideGuidance&gt;&lt;PotentialImpacts&gt;&lt;/PotentialImpacts&gt;&lt;ThirdPartyTools&gt;&lt;/ThirdPartyTools&gt;&lt;MitigationControl&gt;&lt;/MitigationControl&gt;&lt;Responsibility&gt;&lt;/Responsibility&gt;&lt;IAControls&gt;&lt;/IAControls&gt;</description><reference><dc:title>DPMS Target Microsoft Visio 2013</dc:title><dc:publisher>DISA</dc:publisher><dc:type>DPMS Target</dc:type><dc:subject>Microsoft Visio 2013</dc:subject><dc:identifier>5389</dc:identifier></reference><ident system="http://cyber.mil/cci">CCI-002605</ident><fixtext fixref="F-69723r999903_fix">Upgrade to a supported version.</fixtext><fix id="F-69723r999903_fix" /><check system="C-69819r999902_chk"><check-content-ref href="Microsoft_Visio_2013_STIG.xml" name="M" /><check-content>Visio 2013 is no longer supported by the vendor. If the system is running Visio 2013, this is a finding.</check-content></check></Rule></Group></Benchmark>